  [1m[35m (108.2ms)[0m  [1m[35mDROP TABLE "users" /*application='Vibes'*/[0m
[dotenv] Set [36mVIBES_DATABASE_PASSWORD[0m, [36mDATABASE_URL[0m, [36mSTRIPE_SECRET_KEY[0m, [36mSTRIPE_WEBHOOK_SECRET[0m, [36mGOOGLE_APPLICATION_CREDENTIALS[0m, [36mSECRET_KEY_BASE[0m, [36mRAILS_LOG_TO_STDOUT[0m, [36mRAILS_SERVE_STATIC_FILES[0m, [36mRAILS_MAX_THREADS[0m, [36mWEB_CONCURRENCY[0m, [36mPORT[0m
[dotenv] Loaded [33m.env[0m
[dotenv] Loaded [33m.env[0m
  [1m[36mUser Load (1.9ms)[0m  [1m[34mSELECT "users".* FROM "users" WHERE "users"."email" = 'sachin@gmail.com' LIMIT 1 /*application='Vibes'*/[0m
  [1m[36mDevice Load (1.5ms)[0m  [1m[34mSELECT "devices".* FROM "devices" WHERE "devices"."user_id" = '477ebf0b-c449-46e8-9449-ed313a90edcc' /* loading for pp */ LIMIT 11 /*application='Vibes'*/[0m
  [1m[36mDevice Load (2.3ms)[0m  [1m[34mSELECT "devices".* FROM "devices" WHERE "devices"."user_id" = '477ebf0b-c449-46e8-9449-ed313a90edcc' ORDER BY "devices"."id" DESC LIMIT 1 /*application='Vibes'*/[0m
[dotenv] Set [36mVIBES_DATABASE_PASSWORD[0m, [36mDATABASE_URL[0m, [36mSTRIPE_SECRET_KEY[0m, [36mSTRIPE_WEBHOOK_SECRET[0m, [36mGOOGLE_APPLICATION_CREDENTIALS[0m, [36mSECRET_KEY_BASE[0m, [36mRAILS_LOG_TO_STDOUT[0m, [36mRAILS_SERVE_STATIC_FILES[0m, [36mRAILS_MAX_THREADS[0m, [36mWEB_CONCURRENCY[0m, [36mPORT[0m
[dotenv] Loaded [33m.env[0m
[dotenv] Loaded [33m.env[0m
  [1m[35mSQL (2.3ms)[0m  [1m[34mSELECT "categories"."id" AS t0_r0, "categories"."categories_group_id" AS t0_r1, "categories"."name" AS t0_r2, "categories"."slug" AS t0_r3, "categories"."icon_key" AS t0_r4, "categories"."display_order" AS t0_r5, "categories"."created_at" AS t0_r6, "categories"."updated_at" AS t0_r7, "categories_groups"."id" AS t1_r0, "categories_groups"."name" AS t1_r1, "categories_groups"."slug" AS t1_r2, "categories_groups"."description" AS t1_r3, "categories_groups"."display_order" AS t1_r4, "categories_groups"."created_at" AS t1_r5, "categories_groups"."updated_at" AS t1_r6 FROM "categories" INNER JOIN "categories_groups" ON "categories_groups"."id" = "categories"."categories_group_id" /* loading for pp */ ORDER BY categories_groups.display_order, categories.display_order LIMIT 11 /*application='Vibes'*/[0m
[dotenv] Set [36mVIBES_DATABASE_PASSWORD[0m, [36mDATABASE_URL[0m, [36mSTRIPE_SECRET_KEY[0m, [36mSTRIPE_WEBHOOK_SECRET[0m, [36mGOOGLE_APPLICATION_CREDENTIALS[0m, [36mSECRET_KEY_BASE[0m, [36mRAILS_LOG_TO_STDOUT[0m, [36mRAILS_SERVE_STATIC_FILES[0m, [36mRAILS_MAX_THREADS[0m, [36mWEB_CONCURRENCY[0m, [36mPORT[0m
[dotenv] Loaded [33m.env[0m
[dotenv] Loaded [33m.env[0m
  [1m[36mBooking Load (2.0ms)[0m  [1m[34mSELECT "bookings".* FROM "bookings" ORDER BY "bookings"."id" DESC LIMIT 1 /*application='Vibes'*/[0m
[dotenv] Set [36mVIBES_DATABASE_PASSWORD[0m, [36mDATABASE_URL[0m, [36mSTRIPE_SECRET_KEY[0m, [36mSTRIPE_WEBHOOK_SECRET[0m, [36mGOOGLE_APPLICATION_CREDENTIALS[0m, [36mSECRET_KEY_BASE[0m, [36mRAILS_LOG_TO_STDOUT[0m, [36mRAILS_SERVE_STATIC_FILES[0m, [36mRAILS_MAX_THREADS[0m, [36mWEB_CONCURRENCY[0m, [36mPORT[0m
[dotenv] Loaded [33m.env[0m
[dotenv] Loaded [33m.env[0m
  [1m[36mBooking Load (1.7ms)[0m  [1m[34mSELECT "bookings".* FROM "bookings" WHERE "bookings"."id" = 'fec17c72-6127-4dec-afae-678a252b673c' LIMIT 1 /*application='Vibes'*/[0m
  [1m[36mBooking Load (0.7ms)[0m  [1m[34mSELECT "bookings".* FROM "bookings" WHERE "bookings"."id" = 'fec17c72-6127-4dec-afae-678a252b673c' LIMIT 1 /*application='Vibes'*/[0m
[ActionCable] Broadcasting to booking_fec17c72-6127-4dec-afae-678a252b673c: {action: "payment_completed", booking_id: "fec17c72-6127-4dec-afae-678a252b673c", booking: {id: "fec17c72-6127-4dec-afae-678a252b673c", status: "confirmed", payment_status: "paid", paid_amount: 0.0, remaining_amount: 0.0, payment_progress_percentage: 100, fully_paid: true, table_number: nil, tabl...
[dotenv] Set [36mVIBES_DATABASE_PASSWORD[0m, [36mDATABASE_URL[0m, [36mSTRIPE_SECRET_KEY[0m, [36mSTRIPE_WEBHOOK_SECRET[0m, [36mGOOGLE_APPLICATION_CREDENTIALS[0m, [36mSECRET_KEY_BASE[0m, [36mRAILS_LOG_TO_STDOUT[0m, [36mRAILS_SERVE_STATIC_FILES[0m, [36mRAILS_MAX_THREADS[0m, [36mWEB_CONCURRENCY[0m, [36mPORT[0m
[dotenv] Loaded [33m.env[0m
[dotenv] Loaded [33m.env[0m
  [1m[36mUser Load (1.3ms)[0m  [1m[34mSELECT "users".* FROM "users" WHERE "users"."id" = '477ebf0b-c449-46e8-9449-ed313a90edcc' LIMIT 1 /*application='Vibes'*/[0m
[dotenv] Set [36mVIBES_DATABASE_PASSWORD[0m, [36mDATABASE_URL[0m, [36mSTRIPE_SECRET_KEY[0m, [36mSTRIPE_WEBHOOK_SECRET[0m, [36mGOOGLE_APPLICATION_CREDENTIALS[0m, [36mSECRET_KEY_BASE[0m, [36mRAILS_LOG_TO_STDOUT[0m, [36mRAILS_SERVE_STATIC_FILES[0m, [36mRAILS_MAX_THREADS[0m, [36mWEB_CONCURRENCY[0m, [36mPORT[0m
[dotenv] Loaded [33m.env[0m
[dotenv] Loaded [33m.env[0m
  [1m[36mFollowRequest Load (1.3ms)[0m  [1m[34mSELECT "follow_requests".* FROM "follow_requests" ORDER BY "follow_requests"."id" DESC LIMIT 1 /*application='Vibes'*/[0m
  [1m[36mFollowRequest Count (0.8ms)[0m  [1m[34mSELECT COUNT(*) FROM "follow_requests" /*application='Vibes'*/[0m
  [1m[36mFollowRequest Load (0.7ms)[0m  [1m[34mSELECT "follow_requests".* FROM "follow_requests" ORDER BY "follow_requests"."id" DESC LIMIT 10 /*application='Vibes'*/[0m
  [1m[36mFollowRequest Load (1.2ms)[0m  [1m[34mSELECT "follow_requests".* FROM "follow_requests" WHERE "follow_requests"."id" = 'ce3fd948-e328-4108-a26f-6bad6ff05780' LIMIT 1 /*application='Vibes'*/[0m
  [1m[36mUser Load (1.3ms)[0m  [1m[34mSELECT "users".* FROM "users" WHERE "users"."id" = '9b2fd644-b27f-42ac-bbbf-b8a89e7340bf' LIMIT 1 /*application='Vibes'*/[0m
  [1m[36mUser Load (1.3ms)[0m  [1m[34mSELECT "users".* FROM "users" WHERE "users"."id" = 'fe1d170d-81c3-4740-ac7a-a5707bc41580' LIMIT 1 /*application='Vibes'*/[0m
[dotenv] Set [36mVIBES_DATABASE_PASSWORD[0m, [36mDATABASE_URL[0m, [36mSTRIPE_SECRET_KEY[0m, [36mSTRIPE_WEBHOOK_SECRET[0m, [36mGOOGLE_APPLICATION_CREDENTIALS[0m, [36mSECRET_KEY_BASE[0m, [36mRAILS_LOG_TO_STDOUT[0m, [36mRAILS_SERVE_STATIC_FILES[0m, [36mRAILS_MAX_THREADS[0m, [36mWEB_CONCURRENCY[0m, [36mPORT[0m
[dotenv] Loaded [33m.env[0m
[dotenv] Loaded [33m.env[0m
  [1m[36mNotification Load (1.4ms)[0m  [1m[34mSELECT "notifications".* FROM "notifications" WHERE "notifications"."id" = '120b8d3d-d1dc-41b0-ac26-c759bfd8a228' LIMIT 1 /*application='Vibes'*/[0m
  [1m[36mUser Load (1.5ms)[0m  [1m[34mSELECT "users".* FROM "users" WHERE "users"."id" = '9b2fd644-b27f-42ac-bbbf-b8a89e7340bf' LIMIT 1 /*application='Vibes'*/[0m
  [1m[36mNotification Delete All (3.9ms)[0m  [1m[31mDELETE FROM "notifications" /*application='Vibes'*/[0m
  [1m[36mFollowRequest Count (1.3ms)[0m  [1m[34mSELECT COUNT(*) FROM "follow_requests" /*application='Vibes'*/[0m
  [1m[36mFollowRequest Delete All (3.2ms)[0m  [1m[31mDELETE FROM "follow_requests" /*application='Vibes'*/[0m
  [1m[36mFollow Load (1.1ms)[0m  [1m[34mSELECT "follows".* FROM "follows" ORDER BY "follows"."id" DESC LIMIT 1 /*application='Vibes'*/[0m
  [1m[36mFollow Delete All (2.2ms)[0m  [1m[31mDELETE FROM "follows" /*application='Vibes'*/[0m
  [1m[36mFollowRequest Count (1.5ms)[0m  [1m[34mSELECT COUNT(*) FROM "follow_requests" /*application='Vibes'*/[0m
  [1m[36mFollowRequest Load (0.8ms)[0m  [1m[34mSELECT "follow_requests".* FROM "follow_requests" ORDER BY "follow_requests"."id" DESC LIMIT 1 /*application='Vibes'*/[0m
  [1m[36mUser Load (0.7ms)[0m  [1m[34mSELECT "users".* FROM "users" WHERE "users"."id" = '0273903d-aa4a-4e02-862f-78963da0522e' LIMIT 1 /*application='Vibes'*/[0m
  [1m[36mUser Load (0.8ms)[0m  [1m[34mSELECT "users".* FROM "users" WHERE "users"."id" = '477ebf0b-c449-46e8-9449-ed313a90edcc' LIMIT 1 /*application='Vibes'*/[0m
  [1m[36mNotification Exists? (1.4ms)[0m  [1m[34mSELECT 1 AS one FROM "notifications" WHERE "notifications"."user_id" = '0273903d-aa4a-4e02-862f-78963da0522e' AND "notifications"."notification_type" = 'follow_request_accepted' AND (metadata->>'requested_id' = '477ebf0b-c449-46e8-9449-ed313a90edcc') AND (created_at > '2026-02-20 06:46:31.828568') LIMIT 1 /*application='Vibes'*/[0m
  [1m[36mTRANSACTION (0.3ms)[0m  [1m[35mBEGIN /*application='Vibes'*/[0m
  [1m[36mNotification Create (2.0ms)[0m  [1m[32mINSERT INTO "notifications" ("user_id", "notification_type", "title", "message", "metadata", "read", "read_at", "created_at", "updated_at") VALUES ('0273903d-aa4a-4e02-862f-78963da0522e', 'follow_request_accepted', 'Follow Request Accepted', 'sachin  test accepted your follow request', '{"requested_id":"477ebf0b-c449-46e8-9449-ed313a90edcc","requested_name":"sachin  test","requested_username":"sachin"}', FALSE, NULL, '2026-02-20 06:47:31.833354', '2026-02-20 06:47:31.833354') RETURNING "id" /*application='Vibes'*/[0m
  [1m[36mTRANSACTION (20.9ms)[0m  [1m[35mCOMMIT /*application='Vibes'*/[0m
  [1m[36mDevice Exists? (1.4ms)[0m  [1m[34mSELECT 1 AS one FROM "devices" WHERE "devices"."user_id" = '0273903d-aa4a-4e02-862f-78963da0522e' AND "devices"."status" = 'active' AND "devices"."fcm_token" IS NOT NULL LIMIT 1 /*application='Vibes'*/[0m
  [1m[36mDevice Load (0.9ms)[0m  [1m[34mSELECT "devices".* FROM "devices" WHERE "devices"."user_id" = '0273903d-aa4a-4e02-862f-78963da0522e' AND "devices"."status" = 'active' AND "devices"."fcm_token" IS NOT NULL /*application='Vibes'*/[0m
  [1m[36mDevice Load (0.7ms)[0m  [1m[34mSELECT "devices".* FROM "devices" WHERE "devices"."id" = '2713779c-3007-4abf-a9c4-ebf39e84c48a' LIMIT 1 /*application='Vibes'*/[0m
  [1m[36mDevice Load (1.4ms)[0m  [1m[34mSELECT "devices".* FROM "devices" WHERE "devices"."id" = '2713779c-3007-4abf-a9c4-ebf39e84c48a' LIMIT 1 /*application='Vibes'*/[0m
  [1m[36mNotification Count (0.8ms)[0m  [1m[34mSELECT COUNT(*) FROM "notifications" /*application='Vibes'*/[0m
  [1m[36mNotification Load (0.7ms)[0m  [1m[34mSELECT "notifications".* FROM "notifications" ORDER BY "notifications"."id" ASC LIMIT 1 /*application='Vibes'*/[0m
  [1m[36mDevice Exists? (0.9ms)[0m  [1m[34mSELECT 1 AS one FROM "devices" WHERE "devices"."user_id" = '0273903d-aa4a-4e02-862f-78963da0522e' AND "devices"."status" = 'active' AND "devices"."fcm_token" IS NOT NULL LIMIT 1 /*application='Vibes'*/[0m
  [1m[36mDevice Load (0.7ms)[0m  [1m[34mSELECT "devices".* FROM "devices" WHERE "devices"."user_id" = '0273903d-aa4a-4e02-862f-78963da0522e' AND "devices"."status" = 'active' AND "devices"."fcm_token" IS NOT NULL /*application='Vibes'*/[0m
[dotenv] Set [36mVIBES_DATABASE_PASSWORD[0m, [36mDATABASE_URL[0m, [36mSTRIPE_SECRET_KEY[0m, [36mSTRIPE_WEBHOOK_SECRET[0m, [36mGOOGLE_APPLICATION_CREDENTIALS[0m, [36mSECRET_KEY_BASE[0m, [36mRAILS_LOG_TO_STDOUT[0m, [36mRAILS_SERVE_STATIC_FILES[0m, [36mRAILS_MAX_THREADS[0m, [36mWEB_CONCURRENCY[0m, [36mPORT[0m
[dotenv] Loaded [33m.env[0m
[dotenv] Loaded [33m.env[0m
  [1m[36mNotification Load (1.4ms)[0m  [1m[34mSELECT "notifications".* FROM "notifications" ORDER BY "notifications"."id" ASC LIMIT 1 /*application='Vibes'*/[0m
  [1m[36mFollowRequest Load (1.0ms)[0m  [1m[34mSELECT "follow_requests".* FROM "follow_requests" ORDER BY "follow_requests"."id" ASC LIMIT 1 /*application='Vibes'*/[0m
  [1m[36mDevice Load (1.7ms)[0m  [1m[34mSELECT "devices".* FROM "devices" WHERE "devices"."id" = '2713779c-3007-4abf-a9c4-ebf39e84c48a' LIMIT 1 /*application='Vibes'*/[0m
  [1m[36mDevice Count (0.9ms)[0m  [1m[34mSELECT COUNT(*) FROM "devices" /*application='Vibes'*/[0m
  [1m[36mDevice Pluck (0.6ms)[0m  [1m[34mSELECT "devices"."device_name" FROM "devices" /*application='Vibes'*/[0m
  [1m[36mFollowRequest Load (0.9ms)[0m  [1m[34mSELECT "follow_requests".* FROM "follow_requests" /*application='Vibes'*/[0m
  [1m[36mUser Load (0.9ms)[0m  [1m[34mSELECT "users".* FROM "users" WHERE "users"."id" = '0273903d-aa4a-4e02-862f-78963da0522e' LIMIT 1 /*application='Vibes'*/[0m
  [1m[36mDevice Load (0.8ms)[0m  [1m[34mSELECT "devices".* FROM "devices" WHERE "devices"."user_id" = '0273903d-aa4a-4e02-862f-78963da0522e' /*application='Vibes'*/[0m
  [1m[36mFollowRequest Load (1.4ms)[0m  [1m[34mSELECT "follow_requests".* FROM "follow_requests" /*application='Vibes'*/[0m
  [1m[36mUser Load (0.8ms)[0m  [1m[34mSELECT "users".* FROM "users" WHERE "users"."id" = '477ebf0b-c449-46e8-9449-ed313a90edcc' LIMIT 1 /*application='Vibes'*/[0m
  [1m[36mDevice Load (0.6ms)[0m  [1m[34mSELECT "devices".* FROM "devices" WHERE "devices"."user_id" = '477ebf0b-c449-46e8-9449-ed313a90edcc' /*application='Vibes'*/[0m
  [1m[36mNotification Count (0.8ms)[0m  [1m[34mSELECT COUNT(*) FROM "notifications" /*application='Vibes'*/[0m
  [1m[36mNotification Load (0.7ms)[0m  [1m[34mSELECT "notifications".* FROM "notifications" ORDER BY "notifications"."id" ASC LIMIT 1 /*application='Vibes'*/[0m
  [1m[36mNotification Load (1.4ms)[0m  [1m[34mSELECT "notifications".* FROM "notifications" /* loading for pp */ LIMIT 11 /*application='Vibes'*/[0m
  [1m[36mNotification Load (1.2ms)[0m  [1m[34mSELECT "notifications".* FROM "notifications" ORDER BY "notifications"."id" ASC LIMIT 1 /*application='Vibes'*/[0m
  [1m[36mUser Load (1.2ms)[0m  [1m[34mSELECT "users".* FROM "users" WHERE "users"."id" = '0273903d-aa4a-4e02-862f-78963da0522e' LIMIT 1 /*application='Vibes'*/[0m
  [1m[36mDevice Load (0.8ms)[0m  [1m[34mSELECT "devices".* FROM "devices" WHERE "devices"."user_id" = '0273903d-aa4a-4e02-862f-78963da0522e' /* loading for pp */ LIMIT 11 /*application='Vibes'*/[0m
  [1m[36mUser Load (0.8ms)[0m  [1m[34mSELECT "users".* FROM "users" WHERE "users"."id" = '477ebf0b-c449-46e8-9449-ed313a90edcc' LIMIT 1 /*application='Vibes'*/[0m
  [1m[36mDevice Load (0.9ms)[0m  [1m[34mSELECT "devices".* FROM "devices" WHERE "devices"."user_id" = '477ebf0b-c449-46e8-9449-ed313a90edcc' /* loading for pp */ LIMIT 11 /*application='Vibes'*/[0m
  [1m[36mUser Load (1.1ms)[0m  [1m[34mSELECT "users".* FROM "users" WHERE "users"."id" = '0273903d-aa4a-4e02-862f-78963da0522e' LIMIT 1 /*application='Vibes'*/[0m
  [1m[36mUser Load (0.9ms)[0m  [1m[34mSELECT "users".* FROM "users" WHERE "users"."id" = '477ebf0b-c449-46e8-9449-ed313a90edcc' LIMIT 1 /*application='Vibes'*/[0m
  [1m[36mDevice Load (0.8ms)[0m  [1m[34mSELECT "devices".* FROM "devices" WHERE "devices"."user_id" = '477ebf0b-c449-46e8-9449-ed313a90edcc' /* loading for pp */ LIMIT 11 /*application='Vibes'*/[0m
  [1m[36mNotification Count (1.2ms)[0m  [1m[34mSELECT COUNT(*) FROM "notifications" WHERE "notifications"."user_id" = '477ebf0b-c449-46e8-9449-ed313a90edcc' /*application='Vibes'*/[0m
  [1m[36mNotification Load (1.4ms)[0m  [1m[34mSELECT "notifications".* FROM "notifications" WHERE "notifications"."user_id" = '477ebf0b-c449-46e8-9449-ed313a90edcc' ORDER BY "notifications"."id" DESC LIMIT 1 /*application='Vibes'*/[0m
  [1m[36mUser Load (1.8ms)[0m  [1m[34mSELECT "users".* FROM "users" WHERE "users"."id" = '477ebf0b-c449-46e8-9449-ed313a90edcc' LIMIT 1 /*application='Vibes'*/[0m
  [1m[36mUser Load (0.9ms)[0m  [1m[34mSELECT "users".* FROM "users" WHERE "users"."id" = '0273903d-aa4a-4e02-862f-78963da0522e' LIMIT 1 /*application='Vibes'*/[0m
  [1m[36mDevice Exists? (1.7ms)[0m  [1m[34mSELECT 1 AS one FROM "devices" WHERE "devices"."user_id" = '477ebf0b-c449-46e8-9449-ed313a90edcc' AND "devices"."status" = 'active' AND "devices"."fcm_token" IS NOT NULL LIMIT 1 /*application='Vibes'*/[0m
  [1m[36mDevice Load (0.7ms)[0m  [1m[34mSELECT "devices".* FROM "devices" WHERE "devices"."user_id" = '477ebf0b-c449-46e8-9449-ed313a90edcc' AND "devices"."status" = 'active' AND "devices"."fcm_token" IS NOT NULL /*application='Vibes'*/[0m
  [1m[36mDevice Load (0.8ms)[0m  [1m[34mSELECT "devices".* FROM "devices" WHERE "devices"."user_id" = '477ebf0b-c449-46e8-9449-ed313a90edcc' AND "devices"."status" = 'active' AND "devices"."fcm_token" IS NOT NULL /* loading for pp */ LIMIT 11 /*application='Vibes'*/[0m
  [1m[36mDevice Load (1.9ms)[0m  [1m[34mSELECT "devices".* FROM "devices" WHERE "devices"."user_id" = '477ebf0b-c449-46e8-9449-ed313a90edcc' AND "devices"."status" = 'active' AND "devices"."fcm_token" IS NOT NULL ORDER BY "devices"."id" DESC LIMIT 1 /*application='Vibes'*/[0m
[dotenv] Set [36mVIBES_DATABASE_PASSWORD[0m, [36mDATABASE_URL[0m, [36mSTRIPE_SECRET_KEY[0m, [36mSTRIPE_WEBHOOK_SECRET[0m, [36mGOOGLE_APPLICATION_CREDENTIALS[0m, [36mSECRET_KEY_BASE[0m, [36mRAILS_LOG_TO_STDOUT[0m, [36mRAILS_SERVE_STATIC_FILES[0m, [36mRAILS_MAX_THREADS[0m, [36mWEB_CONCURRENCY[0m, [36mPORT[0m
[dotenv] Loaded [33m.env[0m
[dotenv] Loaded [33m.env[0m
  [1m[36mFollowRequest Load (0.8ms)[0m  [1m[34mSELECT "follow_requests".* FROM "follow_requests" WHERE "follow_requests"."id" = 'db9973c7-1041-4154-b7e7-1d879ca2b130' LIMIT 1 /*application='Vibes'*/[0m
  [1m[36mNotification Load (1.8ms)[0m  [1m[34mSELECT "notifications".* FROM "notifications" ORDER BY "notifications"."id" DESC LIMIT 1 /*application='Vibes'*/[0m
  [1m[36mNotification Load (0.9ms)[0m  [1m[34mSELECT "notifications".* FROM "notifications" WHERE "notifications"."id" = '32117402-4a90-4b75-9fe6-22ebad92dc2d' LIMIT 1 /*application='Vibes'*/[0m
[dotenv] Set [36mVIBES_DATABASE_PASSWORD[0m, [36mDATABASE_URL[0m, [36mSTRIPE_SECRET_KEY[0m, [36mSTRIPE_WEBHOOK_SECRET[0m, [36mGOOGLE_APPLICATION_CREDENTIALS[0m, [36mSECRET_KEY_BASE[0m, [36mRAILS_LOG_TO_STDOUT[0m, [36mRAILS_SERVE_STATIC_FILES[0m, [36mRAILS_MAX_THREADS[0m, [36mWEB_CONCURRENCY[0m, [36mPORT[0m
[dotenv] Loaded [33m.env[0m
[dotenv] Loaded [33m.env[0m
[dotenv] Set [36mVIBES_DATABASE_PASSWORD[0m, [36mDATABASE_URL[0m, [36mSTRIPE_SECRET_KEY[0m, [36mSTRIPE_WEBHOOK_SECRET[0m, [36mGOOGLE_APPLICATION_CREDENTIALS[0m, [36mSECRET_KEY_BASE[0m, [36mRAILS_LOG_TO_STDOUT[0m, [36mRAILS_SERVE_STATIC_FILES[0m, [36mRAILS_MAX_THREADS[0m, [36mWEB_CONCURRENCY[0m, [36mPORT[0m
[dotenv] Loaded [33m.env[0m
[dotenv] Loaded [33m.env[0m
[dotenv] Set [36mVIBES_DATABASE_PASSWORD[0m, [36mDATABASE_URL[0m, [36mSTRIPE_SECRET_KEY[0m, [36mSTRIPE_WEBHOOK_SECRET[0m, [36mGOOGLE_APPLICATION_CREDENTIALS[0m, [36mSECRET_KEY_BASE[0m, [36mRAILS_LOG_TO_STDOUT[0m, [36mRAILS_SERVE_STATIC_FILES[0m, [36mRAILS_MAX_THREADS[0m, [36mWEB_CONCURRENCY[0m, [36mPORT[0m
[dotenv] Loaded [33m.env[0m
[dotenv] Loaded [33m.env[0m
  [1m[36mUser Load (1.3ms)[0m  [1m[34mSELECT "users".* FROM "users" ORDER BY "users"."id" DESC LIMIT 1 /*application='Vibes'*/[0m
[dotenv] Set [36mVIBES_DATABASE_PASSWORD[0m, [36mDATABASE_URL[0m, [36mSTRIPE_SECRET_KEY[0m, [36mSTRIPE_WEBHOOK_SECRET[0m, [36mGOOGLE_APPLICATION_CREDENTIALS[0m, [36mSECRET_KEY_BASE[0m, [36mRAILS_LOG_TO_STDOUT[0m, [36mRAILS_SERVE_STATIC_FILES[0m, [36mRAILS_MAX_THREADS[0m, [36mWEB_CONCURRENCY[0m, [36mPORT[0m
[dotenv] Loaded [33m.env[0m
[dotenv] Loaded [33m.env[0m
  [1m[36mUser Load (1.5ms)[0m  [1m[34mSELECT "users".* FROM "users" ORDER BY "users"."id" DESC LIMIT 1 /*application='Vibes'*/[0m
[dotenv] Set [36mVIBES_DATABASE_PASSWORD[0m, [36mDATABASE_URL[0m, [36mSTRIPE_SECRET_KEY[0m, [36mSTRIPE_WEBHOOK_SECRET[0m, [36mGOOGLE_APPLICATION_CREDENTIALS[0m, [36mSECRET_KEY_BASE[0m, [36mRAILS_LOG_TO_STDOUT[0m, [36mRAILS_SERVE_STATIC_FILES[0m, [36mRAILS_MAX_THREADS[0m, [36mWEB_CONCURRENCY[0m, [36mPORT[0m
[dotenv] Loaded [33m.env[0m
[dotenv] Loaded [33m.env[0m
  [1m[36mFoodBarOrder Load (1.8ms)[0m  [1m[34mSELECT "food_bar_orders".* FROM "food_bar_orders" WHERE "food_bar_orders"."id" = '4245bec6-23aa-4ed2-aca1-ffdf89bc3cac' LIMIT 1 /*application='Vibes'*/[0m
  [1m[36mUser Load (1.2ms)[0m  [1m[34mSELECT "users".* FROM "users" ORDER BY "users"."id" DESC LIMIT 1 /*application='Vibes'*/[0m
  [1m[36mSplitQrCode Load (0.9ms)[0m  [1m[34mSELECT "split_qr_codes".* FROM "split_qr_codes" WHERE "split_qr_codes"."id" = '52dc4c4e-0109-4989-858a-0aa3cf202a4a' LIMIT 1 /*application='Vibes'*/[0m
  [1m[36mTRANSACTION (0.4ms)[0m  [1m[35mBEGIN /*application='Vibes'*/[0m
  [1m[36mSplitQrCode Destroy (1.6ms)[0m  [1m[31mDELETE FROM "split_qr_codes" WHERE "split_qr_codes"."id" = '52dc4c4e-0109-4989-858a-0aa3cf202a4a' /*application='Vibes'*/[0m
  [1m[36mTRANSACTION (12.0ms)[0m  [1m[35mCOMMIT /*application='Vibes'*/[0m
[dotenv] Set [36mVIBES_DATABASE_PASSWORD[0m, [36mDATABASE_URL[0m, [36mSTRIPE_SECRET_KEY[0m, [36mSTRIPE_WEBHOOK_SECRET[0m, [36mGOOGLE_APPLICATION_CREDENTIALS[0m, [36mSECRET_KEY_BASE[0m, [36mRAILS_LOG_TO_STDOUT[0m, [36mRAILS_SERVE_STATIC_FILES[0m, [36mRAILS_MAX_THREADS[0m, [36mWEB_CONCURRENCY[0m, [36mPORT[0m
[dotenv] Loaded [33m.env[0m
[dotenv] Loaded [33m.env[0m
  [1m[36mFoodBarOrder Load (1.3ms)[0m  [1m[34mSELECT "food_bar_orders".* FROM "food_bar_orders" WHERE "food_bar_orders"."id" = '4245bec6-23aa-4ed2-aca1-ffdf89bc3cac' LIMIT 1 /*application='Vibes'*/[0m
  [1m[36mSplitQrCode Load (0.8ms)[0m  [1m[34mSELECT "split_qr_codes".* FROM "split_qr_codes" WHERE "split_qr_codes"."id" = '16e1051c-2e45-4e05-b85d-30286774953e' LIMIT 1 /*application='Vibes'*/[0m
  [1m[36mBillSplit Load (1.4ms)[0m  [1m[34mSELECT "bill_splits".* FROM "bill_splits" WHERE "bill_splits"."food_bar_order_id" = '4245bec6-23aa-4ed2-aca1-ffdf89bc3cac' /* loading for pp */ LIMIT 11 /*application='Vibes'*/[0m
[dotenv] Set [36mVIBES_DATABASE_PASSWORD[0m, [36mDATABASE_URL[0m, [36mSTRIPE_SECRET_KEY[0m, [36mSTRIPE_WEBHOOK_SECRET[0m, [36mGOOGLE_APPLICATION_CREDENTIALS[0m, [36mSECRET_KEY_BASE[0m, [36mRAILS_LOG_TO_STDOUT[0m, [36mRAILS_SERVE_STATIC_FILES[0m, [36mRAILS_MAX_THREADS[0m, [36mWEB_CONCURRENCY[0m, [36mPORT[0m
[dotenv] Loaded [33m.env[0m
[dotenv] Loaded [33m.env[0m
  [1m[36mSplitQrCode Load (0.9ms)[0m  [1m[34mSELECT "split_qr_codes".* FROM "split_qr_codes" WHERE "split_qr_codes"."id" = '16e1051c-2e45-4e05-b85d-30286774953e' LIMIT 1 /*application='Vibes'*/[0m
  [1m[36mTRANSACTION (0.4ms)[0m  [1m[35mBEGIN /*application='Vibes'*/[0m
  [1m[36mSplitQrCode Destroy (1.6ms)[0m  [1m[31mDELETE FROM "split_qr_codes" WHERE "split_qr_codes"."id" = '16e1051c-2e45-4e05-b85d-30286774953e' /*application='Vibes'*/[0m
  [1m[36mTRANSACTION (2.4ms)[0m  [1m[35mCOMMIT /*application='Vibes'*/[0m
  [1m[36mFoodBarOrder Load (1.3ms)[0m  [1m[34mSELECT "food_bar_orders".* FROM "food_bar_orders" WHERE "food_bar_orders"."id" = '4245bec6-23aa-4ed2-aca1-ffdf89bc3cac' LIMIT 1 /*application='Vibes'*/[0m
  [1m[36mBillSplit Load (0.8ms)[0m  [1m[34mSELECT "bill_splits".* FROM "bill_splits" WHERE "bill_splits"."food_bar_order_id" = '4245bec6-23aa-4ed2-aca1-ffdf89bc3cac' /*application='Vibes'*/[0m
  [1m[36mTRANSACTION (0.4ms)[0m  [1m[35mBEGIN /*application='Vibes'*/[0m
  [1m[36mBillSplit Destroy (1.6ms)[0m  [1m[31mDELETE FROM "bill_splits" WHERE "bill_splits"."id" = 'f9aff4a5-3a24-4b8e-8ad6-7a068ebab9a0' /*application='Vibes'*/[0m
  [1m[36mTRANSACTION (4.2ms)[0m  [1m[35mCOMMIT /*application='Vibes'*/[0m
  [1m[36mTRANSACTION (0.2ms)[0m  [1m[35mBEGIN /*application='Vibes'*/[0m
  [1m[36mBillSplit Destroy (1.0ms)[0m  [1m[31mDELETE FROM "bill_splits" WHERE "bill_splits"."id" = '89691b45-9601-43a9-89ff-1682cda4125b' /*application='Vibes'*/[0m
  [1m[36mTRANSACTION (1.2ms)[0m  [1m[35mCOMMIT /*application='Vibes'*/[0m
  [1m[36mTRANSACTION (0.2ms)[0m  [1m[35mBEGIN /*application='Vibes'*/[0m
  [1m[36mBillSplit Destroy (0.8ms)[0m  [1m[31mDELETE FROM "bill_splits" WHERE "bill_splits"."id" = 'ddff7ea6-c1ab-4b71-b2cf-44e284a08ea1' /*application='Vibes'*/[0m
  [1m[36mTRANSACTION (2.9ms)[0m  [1m[35mCOMMIT /*application='Vibes'*/[0m
  [1m[36mTRANSACTION (0.2ms)[0m  [1m[35mBEGIN /*application='Vibes'*/[0m
  [1m[36mBillSplit Destroy (1.1ms)[0m  [1m[31mDELETE FROM "bill_splits" WHERE "bill_splits"."id" = 'e37f97c9-51b1-4e46-9933-22ff1ebeb402' /*application='Vibes'*/[0m
  [1m[36mTRANSACTION (2.1ms)[0m  [1m[35mCOMMIT /*application='Vibes'*/[0m
  [1m[36mTRANSACTION (0.2ms)[0m  [1m[35mBEGIN /*application='Vibes'*/[0m
  [1m[36mBillSplit Destroy (1.0ms)[0m  [1m[31mDELETE FROM "bill_splits" WHERE "bill_splits"."id" = 'c5b4bd6b-580d-459b-9efa-c2553956ffbf' /*application='Vibes'*/[0m
  [1m[36mTRANSACTION (1.5ms)[0m  [1m[35mCOMMIT /*application='Vibes'*/[0m
  [1m[36mTRANSACTION (0.3ms)[0m  [1m[35mBEGIN /*application='Vibes'*/[0m
  [1m[36mBillSplit Destroy (1.0ms)[0m  [1m[31mDELETE FROM "bill_splits" WHERE "bill_splits"."id" = '02f496e2-3744-4aad-9fa4-753c86db187c' /*application='Vibes'*/[0m
  [1m[36mTRANSACTION (3.3ms)[0m  [1m[35mCOMMIT /*application='Vibes'*/[0m
[dotenv] Set [36mVIBES_DATABASE_PASSWORD[0m, [36mDATABASE_URL[0m, [36mSTRIPE_SECRET_KEY[0m, [36mSTRIPE_WEBHOOK_SECRET[0m, [36mGOOGLE_APPLICATION_CREDENTIALS[0m, [36mSECRET_KEY_BASE[0m, [36mRAILS_LOG_TO_STDOUT[0m, [36mRAILS_SERVE_STATIC_FILES[0m, [36mRAILS_MAX_THREADS[0m, [36mWEB_CONCURRENCY[0m, [36mPORT[0m
[dotenv] Loaded [33m.env[0m
[dotenv] Loaded [33m.env[0m
  [1m[36mUser Load (1.4ms)[0m  [1m[34mSELECT "users".* FROM "users" ORDER BY "users"."id" DESC LIMIT 1 /*application='Vibes'*/[0m
  [1m[36mUser Load (1.1ms)[0m  [1m[34mSELECT "users".* FROM "users" WHERE "users"."phone" = '7022655632' LIMIT 1 /*application='Vibes'*/[0m
  [1m[36mDevice Load (1.1ms)[0m  [1m[34mSELECT "devices".* FROM "devices" WHERE "devices"."user_id" = '54ff6cb0-6c04-4e2b-909e-10f6cdb058ad' /* loading for pp */ LIMIT 11 /*application='Vibes'*/[0m
  [1m[36mDevice Load (0.9ms)[0m  [1m[34mSELECT "devices".* FROM "devices" WHERE "devices"."user_id" = '54ff6cb0-6c04-4e2b-909e-10f6cdb058ad' ORDER BY "devices"."id" DESC LIMIT 1 /*application='Vibes'*/[0m
  [1m[36mDevice Load (1.2ms)[0m  [1m[34mSELECT "devices".* FROM "devices" WHERE "devices"."user_id" = '54ff6cb0-6c04-4e2b-909e-10f6cdb058ad' ORDER BY "devices"."id" DESC LIMIT 1 /*application='Vibes'*/[0m
[dotenv] Set [36mVIBES_DATABASE_PASSWORD[0m, [36mDATABASE_URL[0m, [36mSTRIPE_SECRET_KEY[0m, [36mSTRIPE_WEBHOOK_SECRET[0m, [36mGOOGLE_APPLICATION_CREDENTIALS[0m, [36mSECRET_KEY_BASE[0m, [36mRAILS_LOG_TO_STDOUT[0m, [36mRAILS_SERVE_STATIC_FILES[0m, [36mRAILS_MAX_THREADS[0m, [36mWEB_CONCURRENCY[0m, [36mPORT[0m
[dotenv] Loaded [33m.env[0m
[dotenv] Loaded [33m.env[0m
  [1m[36mOtp Load (2.1ms)[0m  [1m[34mSELECT "otps".* FROM "otps" ORDER BY "otps"."id" DESC LIMIT 1 /*application='Vibes'*/[0m
  [1m[36mOtp Load (0.8ms)[0m  [1m[34mSELECT "otps".* FROM "otps" ORDER BY "otps"."id" DESC LIMIT 1 /*application='Vibes'*/[0m
  [1m[36mUser Load (1.3ms)[0m  [1m[34mSELECT "users".* FROM "users" ORDER BY "users"."id" DESC LIMIT 1 /*application='Vibes'*/[0m
  [1m[36mTRANSACTION (0.4ms)[0m  [1m[35mBEGIN /*application='Vibes'*/[0m
  [1m[36mUser Exists? (1.7ms)[0m  [1m[34mSELECT 1 AS one FROM "users" WHERE "users"."phone" = '799602204' LIMIT 1 /*application='Vibes'*/[0m
  [1m[36mTRANSACTION (0.3ms)[0m  [1m[31mROLLBACK /*application='Vibes'*/[0m
  [1m[36mOtp Load (0.8ms)[0m  [1m[34mSELECT "otps".* FROM "otps" ORDER BY "otps"."id" DESC LIMIT 1 /*application='Vibes'*/[0m
[dotenv] Set [36mVIBES_DATABASE_PASSWORD[0m, [36mDATABASE_URL[0m, [36mSENDGRID_FROM_EMAIL[0m, [36mSENDGRID_API_KEY[0m, [36mTWILIO_ACCOUNT_SID[0m, [36mTWILIO_AUTH_TOKEN[0m, [36mTWILIO_PHONE_NUMBER[0m, [36mTWILIO_MESSAGING_SERVICE_SID[0m, [36mSTRIPE_SECRET_KEY[0m, [36mSTRIPE_WEBHOOK_SECRET[0m, [36mGOOGLE_APPLICATION_CREDENTIALS[0m, [36mSECRET_KEY_BASE[0m, [36mRAILS_LOG_TO_STDOUT[0m, [36mRAILS_SERVE_STATIC_FILES[0m, [36mRAILS_MAX_THREADS[0m, [36mWEB_CONCURRENCY[0m, [36mPORT[0m
[dotenv] Loaded [33m.env[0m
[dotenv] Loaded [33m.env[0m
  [1m[36mUser Load (1.4ms)[0m  [1m[34mSELECT "users".* FROM "users" WHERE "users"."phone" = '447778838310' LIMIT 1 /*application='Vibes'*/[0m
  [1m[36mTRANSACTION (0.4ms)[0m  [1m[35mBEGIN /*application='Vibes'*/[0m
  [1m[36mUser Exists? (0.5ms)[0m  [1m[34mSELECT 1 AS one FROM "users" WHERE "users"."phone" = '447778838310' AND "users"."id" != 'da8ec7e5-cd4d-4909-904a-c24b046b4fb6' LIMIT 1 /*application='Vibes'*/[0m
  [1m[36mUser Update (1.7ms)[0m  [1m[33mUPDATE "users" SET "password_digest" = '$2a$12$V24oW3EsEDZvBarX49kW8OA.6M0Capr3T0VXB/8zKnDZmPVO5Dea2', "updated_at" = '2026-03-02 06:28:39.737032' WHERE "users"."id" = 'da8ec7e5-cd4d-4909-904a-c24b046b4fb6' /*application='Vibes'*/[0m
  [1m[36mTRANSACTION (1.6ms)[0m  [1m[35mCOMMIT /*application='Vibes'*/[0m
[dotenv] Set [36mVIBES_DATABASE_PASSWORD[0m, [36mDATABASE_URL[0m, [36mSENDGRID_FROM_EMAIL[0m, [36mSENDGRID_API_KEY[0m, [36mTWILIO_ACCOUNT_SID[0m, [36mTWILIO_AUTH_TOKEN[0m, [36mTWILIO_PHONE_NUMBER[0m, [36mTWILIO_MESSAGING_SERVICE_SID[0m, [36mSTRIPE_SECRET_KEY[0m, [36mSTRIPE_WEBHOOK_SECRET[0m, [36mGOOGLE_APPLICATION_CREDENTIALS[0m, [36mSECRET_KEY_BASE[0m, [36mRAILS_LOG_TO_STDOUT[0m, [36mRAILS_SERVE_STATIC_FILES[0m, [36mRAILS_MAX_THREADS[0m, [36mWEB_CONCURRENCY[0m, [36mPORT[0m
[dotenv] Loaded [33m.env[0m
[dotenv] Loaded [33m.env[0m
[dotenv] Set [36mVIBES_DATABASE_PASSWORD[0m, [36mDATABASE_URL[0m, [36mSENDGRID_FROM_EMAIL[0m, [36mSENDGRID_API_KEY[0m, [36mTWILIO_ACCOUNT_SID[0m, [36mTWILIO_AUTH_TOKEN[0m, [36mTWILIO_PHONE_NUMBER[0m, [36mTWILIO_MESSAGING_SERVICE_SID[0m, [36mSTRIPE_SECRET_KEY[0m, [36mSTRIPE_WEBHOOK_SECRET[0m, [36mGOOGLE_APPLICATION_CREDENTIALS[0m, [36mSECRET_KEY_BASE[0m, [36mRAILS_LOG_TO_STDOUT[0m, [36mRAILS_SERVE_STATIC_FILES[0m, [36mRAILS_MAX_THREADS[0m, [36mWEB_CONCURRENCY[0m, [36mPORT[0m
[dotenv] Loaded [33m.env[0m
[dotenv] Loaded [33m.env[0m
[dotenv] Set [36mVIBES_DATABASE_PASSWORD[0m, [36mDATABASE_URL[0m, [36mSENDGRID_FROM_EMAIL[0m, [36mSENDGRID_API_KEY[0m, [36mTWILIO_ACCOUNT_SID[0m, [36mTWILIO_AUTH_TOKEN[0m, [36mTWILIO_PHONE_NUMBER[0m, [36mTWILIO_MESSAGING_SERVICE_SID[0m, [36mSTRIPE_SECRET_KEY[0m, [36mSTRIPE_WEBHOOK_SECRET[0m, [36mGOOGLE_APPLICATION_CREDENTIALS[0m, [36mSECRET_KEY_BASE[0m, [36mRAILS_LOG_TO_STDOUT[0m, [36mRAILS_SERVE_STATIC_FILES[0m, [36mRAILS_MAX_THREADS[0m, [36mWEB_CONCURRENCY[0m, [36mPORT[0m
[dotenv] Loaded [33m.env[0m
[dotenv] Loaded [33m.env[0m
  [1m[36mUser Load (2.2ms)[0m  [1m[34mSELECT "users".* FROM "users" ORDER BY "users"."id" DESC LIMIT 1 /*application='Vibes'*/[0m
  [1m[36mUser Load (1.6ms)[0m  [1m[34mSELECT "users".* FROM "users" WHERE "users"."phone" = '7022655632' LIMIT 1 /*application='Vibes'*/[0m
  [1m[36mTRANSACTION (1.0ms)[0m  [1m[35mBEGIN /*application='Vibes'*/[0m
  [1m[36mUser Exists? (6.5ms)[0m  [1m[34mSELECT 1 AS one FROM "users" WHERE "users"."phone" = '7022655636' AND "users"."id" != '54ff6cb0-6c04-4e2b-909e-10f6cdb058ad' LIMIT 1 /*application='Vibes'*/[0m
  [1m[36mUser Update (2.5ms)[0m  [1m[33mUPDATE "users" SET "phone" = '7022655636', "updated_at" = '2026-03-02 12:32:40.346210' WHERE "users"."id" = '54ff6cb0-6c04-4e2b-909e-10f6cdb058ad' /*application='Vibes'*/[0m
  [1m[36mTRANSACTION (7.0ms)[0m  [1m[35mCOMMIT /*application='Vibes'*/[0m
  [1m[36mUser Count (1.3ms)[0m  [1m[34mSELECT COUNT(*) FROM "users" WHERE "users"."phone" = '+917022655632' /*application='Vibes'*/[0m
  [1m[36mUser Count (1.1ms)[0m  [1m[34mSELECT COUNT(*) FROM "users" WHERE "users"."phone" = '7022655632' /*application='Vibes'*/[0m
  [1m[36mUser Pluck (0.8ms)[0m  [1m[34mSELECT "users"."phone" FROM "users" /*application='Vibes'*/[0m
  [1m[36mUser Count (0.9ms)[0m  [1m[34mSELECT COUNT(*) FROM "users" /*application='Vibes'*/[0m
[dotenv] Set [36mVIBES_DATABASE_PASSWORD[0m, [36mDATABASE_URL[0m, [36mSENDGRID_FROM_EMAIL[0m, [36mSENDGRID_API_KEY[0m, [36mTWILIO_ACCOUNT_SID[0m, [36mTWILIO_AUTH_TOKEN[0m, [36mTWILIO_PHONE_NUMBER[0m, [36mTWILIO_MESSAGING_SERVICE_SID[0m, [36mSTRIPE_SECRET_KEY[0m, [36mSTRIPE_WEBHOOK_SECRET[0m, [36mGOOGLE_APPLICATION_CREDENTIALS[0m, [36mSECRET_KEY_BASE[0m, [36mRAILS_LOG_TO_STDOUT[0m, [36mRAILS_SERVE_STATIC_FILES[0m, [36mRAILS_MAX_THREADS[0m, [36mWEB_CONCURRENCY[0m, [36mPORT[0m
[dotenv] Loaded [33m.env[0m
[dotenv] Loaded [33m.env[0m
  [1m[36mDevice Load (1.5ms)[0m  [1m[34mSELECT "devices".* FROM "devices" WHERE "devices"."id" = 'b6276373-1944-4697-b3b7-ec229662ec9c' LIMIT 1 /*application='Vibes'*/[0m
  [1m[36mDevice Load (1.2ms)[0m  [1m[34mSELECT "devices".* FROM "devices" ORDER BY "devices"."id" DESC LIMIT 1 /*application='Vibes'*/[0m
  [1m[36mDevice Load (2.2ms)[0m  [1m[34mSELECT "devices".* FROM "devices" WHERE "devices"."device_uuid" = 'B6276373-1944-4697-B3B7-EC229662EC9C' LIMIT 1 /*application='Vibes'*/[0m
  [1m[36mTRANSACTION (0.4ms)[0m  [1m[35mBEGIN /*application='Vibes'*/[0m
  [1m[36mDevice Destroy (1.9ms)[0m  [1m[31mDELETE FROM "devices" WHERE "devices"."id" = 'c2b8263c-e92b-46b1-9154-1ffd0114eba5' /*application='Vibes'*/[0m
  [1m[36mTRANSACTION (3.5ms)[0m  [1m[35mCOMMIT /*application='Vibes'*/[0m
  [1m[36mUser Load (1.0ms)[0m  [1m[34mSELECT "users".* FROM "users" WHERE "users"."id" = 'f142b79e-105c-407f-90e6-18d03cf91536' LIMIT 1 /*application='Vibes'*/[0m
  [1m[36mTRANSACTION (0.4ms)[0m  [1m[35mBEGIN /*application='Vibes'*/[0m
  [1m[36mUser Exists? (1.6ms)[0m  [1m[34mSELECT 1 AS one FROM "users" WHERE "users"."phone" = '917022655636' AND "users"."id" != 'f142b79e-105c-407f-90e6-18d03cf91536' LIMIT 1 /*application='Vibes'*/[0m
  [1m[36mUser Update (1.5ms)[0m  [1m[33mUPDATE "users" SET "phone" = '917022655636', "updated_at" = '2026-03-02 12:37:48.763407' WHERE "users"."id" = 'f142b79e-105c-407f-90e6-18d03cf91536' /*application='Vibes'*/[0m
  [1m[36mTRANSACTION (3.4ms)[0m  [1m[35mCOMMIT /*application='Vibes'*/[0m
  [1m[36mDevice Load (0.8ms)[0m  [1m[34mSELECT "devices".* FROM "devices" WHERE "devices"."user_id" = 'f142b79e-105c-407f-90e6-18d03cf91536' /* loading for pp */ LIMIT 11 /*application='Vibes'*/[0m
[dotenv] Set [36mVIBES_DATABASE_PASSWORD[0m, [36mDATABASE_URL[0m, [36mSENDGRID_FROM_EMAIL[0m, [36mSENDGRID_API_KEY[0m, [36mTWILIO_ACCOUNT_SID[0m, [36mTWILIO_AUTH_TOKEN[0m, [36mTWILIO_PHONE_NUMBER[0m, [36mTWILIO_MESSAGING_SERVICE_SID[0m, [36mSTRIPE_SECRET_KEY[0m, [36mSTRIPE_WEBHOOK_SECRET[0m, [36mGOOGLE_APPLICATION_CREDENTIALS[0m, [36mSECRET_KEY_BASE[0m, [36mRAILS_LOG_TO_STDOUT[0m, [36mRAILS_SERVE_STATIC_FILES[0m, [36mRAILS_MAX_THREADS[0m, [36mWEB_CONCURRENCY[0m, [36mPORT[0m
[dotenv] Loaded [33m.env[0m
[dotenv] Loaded [33m.env[0m
  [1m[36mUser Load (1.5ms)[0m  [1m[34mSELECT "users".* FROM "users" ORDER BY "users"."id" DESC LIMIT 1 /*application='Vibes'*/[0m
  [1m[36mUser Count (1.2ms)[0m  [1m[34mSELECT COUNT(*) FROM "users" WHERE "users"."phone" = '917022655632' /*application='Vibes'*/[0m
  [1m[36mUser Load (1.1ms)[0m  [1m[34mSELECT "users".* FROM "users" WHERE "users"."phone" = '917022655632' ORDER BY "users"."id" DESC LIMIT 1 /*application='Vibes'*/[0m
  [1m[36mTRANSACTION (0.4ms)[0m  [1m[35mBEGIN /*application='Vibes'*/[0m
  [1m[36mActiveStorage::Attachment Load (1.1ms)[0m  [1m[34mSELECT "active_storage_attachments".* FROM "active_storage_attachments" WHERE "active_storage_attachments"."record_id" = '796ce12f-20a9-47e1-ba2e-33d66023c009' AND "active_storage_attachments"."record_type" = 'User' AND "active_storage_attachments"."name" = 'profile_picture' LIMIT 1 /*application='Vibes'*/[0m
  [1m[36mOtp Load (0.9ms)[0m  [1m[34mSELECT "otps".* FROM "otps" WHERE "otps"."user_id" = '796ce12f-20a9-47e1-ba2e-33d66023c009' /*application='Vibes'*/[0m
  [1m[36mDevice Load (1.1ms)[0m  [1m[34mSELECT "devices".* FROM "devices" WHERE "devices"."user_id" = '796ce12f-20a9-47e1-ba2e-33d66023c009' /*application='Vibes'*/[0m
  [1m[36mDevice Destroy (0.7ms)[0m  [1m[31mDELETE FROM "devices" WHERE "devices"."id" = '1b5c68a6-8f89-416c-b6d8-a0f0ded62701' /*application='Vibes'*/[0m
  [1m[36mArtistCategory Load (0.5ms)[0m  [1m[34mSELECT "artist_categories".* FROM "artist_categories" WHERE "artist_categories"."user_id" = '796ce12f-20a9-47e1-ba2e-33d66023c009' /*application='Vibes'*/[0m
  [1m[36mVenue Exists? (0.7ms)[0m  [1m[34mSELECT 1 AS one FROM "venues" WHERE "venues"."owner_id" = '796ce12f-20a9-47e1-ba2e-33d66023c009' LIMIT 1 /*application='Vibes'*/[0m
  [1m[36mRating Load (0.8ms)[0m  [1m[34mSELECT "ratings".* FROM "ratings" WHERE "ratings"."user_id" = '796ce12f-20a9-47e1-ba2e-33d66023c009' /*application='Vibes'*/[0m
  [1m[36mBooking Load (1.4ms)[0m  [1m[34mSELECT "bookings".* FROM "bookings" WHERE "bookings"."user_id" = '796ce12f-20a9-47e1-ba2e-33d66023c009' /*application='Vibes'*/[0m
  [1m[36mFoodBarOrder Load (1.5ms)[0m  [1m[34mSELECT "food_bar_orders".* FROM "food_bar_orders" WHERE "food_bar_orders"."user_id" = '796ce12f-20a9-47e1-ba2e-33d66023c009' /*application='Vibes'*/[0m
  [1m[36mBillSplit Update All (0.7ms)[0m  [1m[33mUPDATE "bill_splits" SET "user_id" = NULL WHERE "bill_splits"."user_id" = '796ce12f-20a9-47e1-ba2e-33d66023c009' /*application='Vibes'*/[0m
  [1m[36mVenueStaff Load (3.5ms)[0m  [1m[34mSELECT "venue_staff".* FROM "venue_staff" WHERE "venue_staff"."user_id" = '796ce12f-20a9-47e1-ba2e-33d66023c009' /*application='Vibes'*/[0m
  [1m[36mWaiterCall Load (2.2ms)[0m  [1m[34mSELECT "waiter_calls".* FROM "waiter_calls" WHERE "waiter_calls"."user_id" = '796ce12f-20a9-47e1-ba2e-33d66023c009' /*application='Vibes'*/[0m
  [1m[36mVenueBlocklist Load (4.3ms)[0m  [1m[34mSELECT "venue_blocklists".* FROM "venue_blocklists" WHERE "venue_blocklists"."user_id" = '796ce12f-20a9-47e1-ba2e-33d66023c009' /*application='Vibes'*/[0m
  [1m[36mVibeCheck Load (0.8ms)[0m  [1m[34mSELECT "vibe_checks".* FROM "vibe_checks" WHERE "vibe_checks"."user_id" = '796ce12f-20a9-47e1-ba2e-33d66023c009' /*application='Vibes'*/[0m
  [1m[36mLike Load (0.7ms)[0m  [1m[34mSELECT "likes".* FROM "likes" WHERE "likes"."user_id" = '796ce12f-20a9-47e1-ba2e-33d66023c009' /*application='Vibes'*/[0m
  [1m[36mEventInterest Load (0.8ms)[0m  [1m[34mSELECT "event_interests".* FROM "event_interests" WHERE "event_interests"."user_id" = '796ce12f-20a9-47e1-ba2e-33d66023c009' /*application='Vibes'*/[0m
  [1m[36mVenueInterest Load (0.8ms)[0m  [1m[34mSELECT "venue_interests".* FROM "venue_interests" WHERE "venue_interests"."user_id" = '796ce12f-20a9-47e1-ba2e-33d66023c009' /*application='Vibes'*/[0m
  [1m[36mEventReport Load (1.8ms)[0m  [1m[34mSELECT "event_reports".* FROM "event_reports" WHERE "event_reports"."reporter_id" = '796ce12f-20a9-47e1-ba2e-33d66023c009' /*application='Vibes'*/[0m
  [1m[36mEventReport Update All (2.0ms)[0m  [1m[33mUPDATE "event_reports" SET "reviewed_by_id" = NULL WHERE "event_reports"."reviewed_by_id" = '796ce12f-20a9-47e1-ba2e-33d66023c009' /*application='Vibes'*/[0m
  [1m[36mGroupChat Load (1.0ms)[0m  [1m[34mSELECT "group_chats".* FROM "group_chats" WHERE "group_chats"."created_by_id" = '796ce12f-20a9-47e1-ba2e-33d66023c009' /*application='Vibes'*/[0m
  [1m[36mGroupChatMembership Load (0.9ms)[0m  [1m[34mSELECT "group_chat_memberships".* FROM "group_chat_memberships" WHERE "group_chat_memberships"."user_id" = '796ce12f-20a9-47e1-ba2e-33d66023c009' /*application='Vibes'*/[0m
  [1m[36mGroupChatMessage Load (1.0ms)[0m  [1m[34mSELECT "group_chat_messages".* FROM "group_chat_messages" WHERE "group_chat_messages"."user_id" = '796ce12f-20a9-47e1-ba2e-33d66023c009' /*application='Vibes'*/[0m
  [1m[36mWallet Load (0.9ms)[0m  [1m[34mSELECT "wallets".* FROM "wallets" WHERE "wallets"."user_id" = '796ce12f-20a9-47e1-ba2e-33d66023c009' /*application='Vibes'*/[0m
  [1m[36mPaymentTransaction Load (1.1ms)[0m  [1m[34mSELECT "payment_transactions".* FROM "payment_transactions" WHERE "payment_transactions"."user_id" = '796ce12f-20a9-47e1-ba2e-33d66023c009' /*application='Vibes'*/[0m
  [1m[36mCryptoWallet Load (3.3ms)[0m  [1m[34mSELECT "crypto_wallets".* FROM "crypto_wallets" WHERE "crypto_wallets"."user_id" = '796ce12f-20a9-47e1-ba2e-33d66023c009' /*application='Vibes'*/[0m
  [1m[36mPaymentMethod Load (3.8ms)[0m  [1m[34mSELECT "payment_methods".* FROM "payment_methods" WHERE "payment_methods"."user_id" = '796ce12f-20a9-47e1-ba2e-33d66023c009' /*application='Vibes'*/[0m
  [1m[36mChat Load (0.9ms)[0m  [1m[34mSELECT "chats".* FROM "chats" WHERE "chats"."user1_id" = '796ce12f-20a9-47e1-ba2e-33d66023c009' /*application='Vibes'*/[0m
  [1m[36mChat Load (0.5ms)[0m  [1m[34mSELECT "chats".* FROM "chats" WHERE "chats"."user2_id" = '796ce12f-20a9-47e1-ba2e-33d66023c009' /*application='Vibes'*/[0m
  [1m[36mChatMessage Load (4.4ms)[0m  [1m[34mSELECT "chat_messages".* FROM "chat_messages" WHERE "chat_messages"."sender_id" = '796ce12f-20a9-47e1-ba2e-33d66023c009' /*application='Vibes'*/[0m
  [1m[36mUserBlock Load (0.7ms)[0m  [1m[34mSELECT "user_blocks".* FROM "user_blocks" WHERE "user_blocks"."blocker_id" = '796ce12f-20a9-47e1-ba2e-33d66023c009' /*application='Vibes'*/[0m
  [1m[36mUserBlock Load (0.4ms)[0m  [1m[34mSELECT "user_blocks".* FROM "user_blocks" WHERE "user_blocks"."blocked_id" = '796ce12f-20a9-47e1-ba2e-33d66023c009' /*application='Vibes'*/[0m
  [1m[36mUserReport Load (4.4ms)[0m  [1m[34mSELECT "user_reports".* FROM "user_reports" WHERE "user_reports"."reporter_id" = '796ce12f-20a9-47e1-ba2e-33d66023c009' /*application='Vibes'*/[0m
  [1m[36mUserReport Load (0.5ms)[0m  [1m[34mSELECT "user_reports".* FROM "user_reports" WHERE "user_reports"."reported_id" = '796ce12f-20a9-47e1-ba2e-33d66023c009' /*application='Vibes'*/[0m
  [1m[36mFollow Load (1.2ms)[0m  [1m[34mSELECT "follows".* FROM "follows" WHERE "follows"."follower_id" = '796ce12f-20a9-47e1-ba2e-33d66023c009' /*application='Vibes'*/[0m
  [1m[36mFollow Load (0.6ms)[0m  [1m[34mSELECT "follows".* FROM "follows" WHERE "follows"."following_id" = '796ce12f-20a9-47e1-ba2e-33d66023c009' /*application='Vibes'*/[0m
  [1m[36mFollowRequest Load (0.8ms)[0m  [1m[34mSELECT "follow_requests".* FROM "follow_requests" WHERE "follow_requests"."requester_id" = '796ce12f-20a9-47e1-ba2e-33d66023c009' /*application='Vibes'*/[0m
  [1m[36mFollowRequest Load (0.4ms)[0m  [1m[34mSELECT "follow_requests".* FROM "follow_requests" WHERE "follow_requests"."requested_id" = '796ce12f-20a9-47e1-ba2e-33d66023c009' /*application='Vibes'*/[0m
  [1m[36mVenueFollow Load (0.7ms)[0m  [1m[34mSELECT "venue_follows".* FROM "venue_follows" WHERE "venue_follows"."user_id" = '796ce12f-20a9-47e1-ba2e-33d66023c009' /*application='Vibes'*/[0m
  [1m[36mVenuePrPartnership Load (5.2ms)[0m  [1m[34mSELECT "venue_pr_partnerships".* FROM "venue_pr_partnerships" WHERE "venue_pr_partnerships"."user_id" = '796ce12f-20a9-47e1-ba2e-33d66023c009' /*application='Vibes'*/[0m
  [1m[36mNotification Load (0.9ms)[0m  [1m[34mSELECT "notifications".* FROM "notifications" WHERE "notifications"."user_id" = '796ce12f-20a9-47e1-ba2e-33d66023c009' /*application='Vibes'*/[0m
  [1m[36mStreamView Load (2.5ms)[0m  [1m[34mSELECT "stream_views".* FROM "stream_views" WHERE "stream_views"."user_id" = '796ce12f-20a9-47e1-ba2e-33d66023c009' /*application='Vibes'*/[0m
  [1m[36mMoment Load (2.6ms)[0m  [1m[34mSELECT "moments".* FROM "moments" WHERE "moments"."user_id" = '796ce12f-20a9-47e1-ba2e-33d66023c009' /*application='Vibes'*/[0m
  [1m[36mEventPost Load (2.9ms)[0m  [1m[34mSELECT "event_posts".* FROM "event_posts" WHERE "event_posts"."user_id" = '796ce12f-20a9-47e1-ba2e-33d66023c009' /*application='Vibes'*/[0m
  [1m[36mUserDeactivation Load (4.4ms)[0m  [1m[34mSELECT "user_deactivations".* FROM "user_deactivations" WHERE "user_deactivations"."user_id" = '796ce12f-20a9-47e1-ba2e-33d66023c009' /*application='Vibes'*/[0m
  [1m[36mUser Destroy (10.3ms)[0m  [1m[31mDELETE FROM "users" WHERE "users"."id" = '796ce12f-20a9-47e1-ba2e-33d66023c009' /*application='Vibes'*/[0m
  [1m[36mTRANSACTION (2.5ms)[0m  [1m[35mCOMMIT /*application='Vibes'*/[0m
  [1m[36mUser Count (0.9ms)[0m  [1m[34mSELECT COUNT(*) FROM "users" WHERE "users"."phone" = '917022655632' /*application='Vibes'*/[0m
  [1m[36mUser Count (1.2ms)[0m  [1m[34mSELECT COUNT(*) FROM "users" WHERE "users"."phone" = '917022655636' /*application='Vibes'*/[0m
[dotenv] Set [36mVIBES_DATABASE_PASSWORD[0m, [36mDATABASE_URL[0m, [36mSENDGRID_FROM_EMAIL[0m, [36mSENDGRID_API_KEY[0m, [36mTWILIO_ACCOUNT_SID[0m, [36mTWILIO_AUTH_TOKEN[0m, [36mTWILIO_PHONE_NUMBER[0m, [36mTWILIO_MESSAGING_SERVICE_SID[0m, [36mSTRIPE_SECRET_KEY[0m, [36mSTRIPE_WEBHOOK_SECRET[0m, [36mGOOGLE_APPLICATION_CREDENTIALS[0m, [36mSECRET_KEY_BASE[0m, [36mRAILS_LOG_TO_STDOUT[0m, [36mRAILS_SERVE_STATIC_FILES[0m, [36mRAILS_MAX_THREADS[0m, [36mWEB_CONCURRENCY[0m, [36mPORT[0m
[dotenv] Loaded [33m.env[0m
[dotenv] Loaded [33m.env[0m
  [1m[36mUser Load (2.1ms)[0m  [1m[34mSELECT "users".* FROM "users" WHERE "users"."id" = 'ec47e6bb-a2d0-45ae-af91-d368ac50a936' LIMIT 1 /*application='Vibes'*/[0m
[dotenv] Set [36mVIBES_DATABASE_PASSWORD[0m, [36mDATABASE_URL[0m, [36mSENDGRID_FROM_EMAIL[0m, [36mSENDGRID_API_KEY[0m, [36mTWILIO_ACCOUNT_SID[0m, [36mTWILIO_AUTH_TOKEN[0m, [36mTWILIO_PHONE_NUMBER[0m, [36mTWILIO_MESSAGING_SERVICE_SID[0m, [36mSTRIPE_SECRET_KEY[0m, [36mSTRIPE_WEBHOOK_SECRET[0m, [36mGOOGLE_APPLICATION_CREDENTIALS[0m, [36mSECRET_KEY_BASE[0m, [36mRAILS_LOG_TO_STDOUT[0m, [36mRAILS_SERVE_STATIC_FILES[0m, [36mRAILS_MAX_THREADS[0m, [36mWEB_CONCURRENCY[0m, [36mPORT[0m
[dotenv] Loaded [33m.env[0m
[dotenv] Loaded [33m.env[0m
  [1m[36mUser Load (1.5ms)[0m  [1m[34mSELECT "users".* FROM "users" WHERE "users"."phone" = '917022655632' LIMIT 1 /*application='Vibes'*/[0m
  [1m[36mDevice Load (1.6ms)[0m  [1m[34mSELECT "devices".* FROM "devices" WHERE "devices"."id" = 'ec47e6bb-a2d0-45ae-af91-d368ac50a936' LIMIT 1 /*application='Vibes'*/[0m
  [1m[36mVenue Load (1.0ms)[0m  [1m[34mSELECT "venues".* FROM "venues" WHERE "venues"."id" = 'ec47e6bb-a2d0-45ae-af91-d368ac50a936' LIMIT 1 /*application='Vibes'*/[0m
[dotenv] Set [36mVIBES_DATABASE_PASSWORD[0m, [36mDATABASE_URL[0m, [36mSENDGRID_FROM_EMAIL[0m, [36mSENDGRID_API_KEY[0m, [36mTWILIO_ACCOUNT_SID[0m, [36mTWILIO_AUTH_TOKEN[0m, [36mTWILIO_PHONE_NUMBER[0m, [36mTWILIO_MESSAGING_SERVICE_SID[0m, [36mSTRIPE_SECRET_KEY[0m, [36mSTRIPE_WEBHOOK_SECRET[0m, [36mGOOGLE_APPLICATION_CREDENTIALS[0m, [36mSECRET_KEY_BASE[0m, [36mRAILS_LOG_TO_STDOUT[0m, [36mRAILS_SERVE_STATIC_FILES[0m, [36mRAILS_MAX_THREADS[0m, [36mWEB_CONCURRENCY[0m, [36mPORT[0m
[dotenv] Loaded [33m.env[0m
[dotenv] Loaded [33m.env[0m
[dotenv] Set [36mVIBES_DATABASE_PASSWORD[0m, [36mDATABASE_URL[0m, [36mSENDGRID_FROM_EMAIL[0m, [36mSENDGRID_API_KEY[0m, [36mTWILIO_ACCOUNT_SID[0m, [36mTWILIO_AUTH_TOKEN[0m, [36mTWILIO_PHONE_NUMBER[0m, [36mTWILIO_MESSAGING_SERVICE_SID[0m, [36mSTRIPE_SECRET_KEY[0m, [36mSTRIPE_WEBHOOK_SECRET[0m, [36mGOOGLE_APPLICATION_CREDENTIALS[0m, [36mSECRET_KEY_BASE[0m, [36mRAILS_LOG_TO_STDOUT[0m, [36mRAILS_SERVE_STATIC_FILES[0m, [36mRAILS_MAX_THREADS[0m, [36mWEB_CONCURRENCY[0m, [36mPORT[0m
[dotenv] Loaded [33m.env[0m
[dotenv] Loaded [33m.env[0m
  [1m[36mOtp Load (1.7ms)[0m  [1m[34mSELECT "otps".* FROM "otps" ORDER BY "otps"."id" DESC LIMIT 1 /*application='Vibes'*/[0m
[dotenv] Set [36mVIBES_DATABASE_PASSWORD[0m, [36mDATABASE_URL[0m, [36mSENDGRID_FROM_EMAIL[0m, [36mSENDGRID_API_KEY[0m, [36mTWILIO_ACCOUNT_SID[0m, [36mTWILIO_AUTH_TOKEN[0m, [36mTWILIO_PHONE_NUMBER[0m, [36mTWILIO_MESSAGING_SERVICE_SID[0m, [36mSTRIPE_SECRET_KEY[0m, [36mSTRIPE_WEBHOOK_SECRET[0m, [36mGOOGLE_APPLICATION_CREDENTIALS[0m, [36mSECRET_KEY_BASE[0m, [36mRAILS_LOG_TO_STDOUT[0m, [36mRAILS_SERVE_STATIC_FILES[0m, [36mRAILS_MAX_THREADS[0m, [36mWEB_CONCURRENCY[0m, [36mPORT[0m
[dotenv] Loaded [33m.env[0m
[dotenv] Loaded [33m.env[0m
  [1m[36mUser Load (2.0ms)[0m  [1m[34mSELECT "users".* FROM "users" ORDER BY "users"."id" DESC LIMIT 1 /*application='Vibes'*/[0m
  [1m[36mUser Load (2.6ms)[0m  [1m[34mSELECT "users".* FROM "users" ORDER BY "users"."updated_at" DESC LIMIT 1 /*application='Vibes'*/[0m
  [1m[36mUser Load (1.3ms)[0m  [1m[34mSELECT "users".* FROM "users" ORDER BY "users"."updated_at" DESC LIMIT 5 /*application='Vibes'*/[0m
  [1m[36mUser Pluck (1.4ms)[0m  [1m[34mSELECT "users"."phone" FROM "users" ORDER BY "users"."updated_at" ASC /*application='Vibes'*/[0m
  [1m[36mUser Pluck (1.2ms)[0m  [1m[34mSELECT "users"."phone" FROM "users" WHERE (phone LIKE '44%') ORDER BY "users"."updated_at" ASC /*application='Vibes'*/[0m
  [1m[36mUser Load (1.2ms)[0m  [1m[34mSELECT "users".* FROM "users" WHERE "users"."phone" = '447778838310' LIMIT 1 /*application='Vibes'*/[0m
[dotenv] Set [36mVIBES_DATABASE_PASSWORD[0m, [36mDATABASE_URL[0m, [36mSENDGRID_FROM_EMAIL[0m, [36mSENDGRID_API_KEY[0m, [36mTWILIO_ACCOUNT_SID[0m, [36mTWILIO_AUTH_TOKEN[0m, [36mTWILIO_PHONE_NUMBER[0m, [36mTWILIO_MESSAGING_SERVICE_SID[0m, [36mSTRIPE_SECRET_KEY[0m, [36mSTRIPE_WEBHOOK_SECRET[0m, [36mGOOGLE_APPLICATION_CREDENTIALS[0m, [36mSECRET_KEY_BASE[0m, [36mRAILS_LOG_TO_STDOUT[0m, [36mRAILS_SERVE_STATIC_FILES[0m, [36mRAILS_MAX_THREADS[0m, [36mWEB_CONCURRENCY[0m, [36mPORT[0m
[dotenv] Loaded [33m.env[0m
[dotenv] Loaded [33m.env[0m
[dotenv] Set [36mVIBES_DATABASE_PASSWORD[0m, [36mDATABASE_URL[0m, [36mSENDGRID_FROM_EMAIL[0m, [36mSENDGRID_API_KEY[0m, [36mTWILIO_ACCOUNT_SID[0m, [36mTWILIO_AUTH_TOKEN[0m, [36mTWILIO_PHONE_NUMBER[0m, [36mTWILIO_MESSAGING_SERVICE_SID[0m, [36mSTRIPE_SECRET_KEY[0m, [36mSTRIPE_WEBHOOK_SECRET[0m, [36mGOOGLE_APPLICATION_CREDENTIALS[0m, [36mSECRET_KEY_BASE[0m, [36mRAILS_LOG_TO_STDOUT[0m, [36mRAILS_SERVE_STATIC_FILES[0m, [36mRAILS_MAX_THREADS[0m, [36mWEB_CONCURRENCY[0m, [36mPORT[0m
[dotenv] Loaded [33m.env[0m
[dotenv] Loaded [33m.env[0m
[dotenv] Set [36mVIBES_DATABASE_PASSWORD[0m, [36mDATABASE_URL[0m, [36mSENDGRID_FROM_EMAIL[0m, [36mSENDGRID_API_KEY[0m, [36mTWILIO_ACCOUNT_SID[0m, [36mTWILIO_AUTH_TOKEN[0m, [36mTWILIO_PHONE_NUMBER[0m, [36mTWILIO_MESSAGING_SERVICE_SID[0m, [36mSTRIPE_SECRET_KEY[0m, [36mSTRIPE_WEBHOOK_SECRET[0m, [36mGOOGLE_APPLICATION_CREDENTIALS[0m, [36mSECRET_KEY_BASE[0m, [36mRAILS_LOG_TO_STDOUT[0m, [36mRAILS_SERVE_STATIC_FILES[0m, [36mRAILS_MAX_THREADS[0m, [36mWEB_CONCURRENCY[0m, [36mPORT[0m
[dotenv] Loaded [33m.env[0m
[dotenv] Loaded [33m.env[0m
[dotenv] Set [36mVIBES_DATABASE_PASSWORD[0m, [36mDATABASE_URL[0m, [36mSENDGRID_FROM_EMAIL[0m, [36mSENDGRID_API_KEY[0m, [36mTWILIO_ACCOUNT_SID[0m, [36mTWILIO_AUTH_TOKEN[0m, [36mTWILIO_PHONE_NUMBER[0m, [36mTWILIO_MESSAGING_SERVICE_SID[0m, [36mSTRIPE_SECRET_KEY[0m, [36mSTRIPE_WEBHOOK_SECRET[0m, [36mGOOGLE_APPLICATION_CREDENTIALS[0m, [36mSECRET_KEY_BASE[0m, [36mRAILS_LOG_TO_STDOUT[0m, [36mRAILS_SERVE_STATIC_FILES[0m, [36mRAILS_MAX_THREADS[0m, [36mWEB_CONCURRENCY[0m, [36mPORT[0m
[dotenv] Loaded [33m.env[0m
[dotenv] Loaded [33m.env[0m
  [1m[36mVenue Load (1.2ms)[0m  [1m[34mSELECT "venues".* FROM "venues" WHERE "venues"."id" = '3d75f4d8-dbae-43bd-bcd7-39276d36261a' LIMIT 1 /*application='Vibes'*/[0m
  [1m[36mUser Load (2.6ms)[0m  [1m[34mSELECT "users".* FROM "users" INNER JOIN "venue_pr_partnerships" ON "users"."id" = "venue_pr_partnerships"."user_id" WHERE "venue_pr_partnerships"."venue_id" = '3d75f4d8-dbae-43bd-bcd7-39276d36261a' /* loading for pp */ LIMIT 11 /*application='Vibes'*/[0m
  [1m[36mUser Load (0.8ms)[0m  [1m[34mSELECT "users".* FROM "users" WHERE "users"."id" = 'c85595f2-3cd2-4415-a836-2b98f1de3ae7' LIMIT 1 /*application='Vibes'*/[0m
[dotenv] Set [36mVIBES_DATABASE_PASSWORD[0m, [36mDATABASE_URL[0m, [36mSENDGRID_FROM_EMAIL[0m, [36mSENDGRID_API_KEY[0m, [36mTWILIO_ACCOUNT_SID[0m, [36mTWILIO_AUTH_TOKEN[0m, [36mTWILIO_PHONE_NUMBER[0m, [36mTWILIO_MESSAGING_SERVICE_SID[0m, [36mSTRIPE_SECRET_KEY[0m, [36mSTRIPE_WEBHOOK_SECRET[0m, [36mGOOGLE_APPLICATION_CREDENTIALS[0m, [36mSECRET_KEY_BASE[0m, [36mRAILS_LOG_TO_STDOUT[0m, [36mRAILS_SERVE_STATIC_FILES[0m, [36mRAILS_MAX_THREADS[0m, [36mWEB_CONCURRENCY[0m, [36mPORT[0m
[dotenv] Loaded [33m.env[0m
[dotenv] Loaded [33m.env[0m
  [1m[36mUser Load (2.3ms)[0m  [1m[34mSELECT "users".* FROM "users" ORDER BY "users"."id" DESC LIMIT 1 /*application='Vibes'*/[0m
  [1m[36mVenuePrPartnership Load (1.1ms)[0m  [1m[34mSELECT "venue_pr_partnerships".* FROM "venue_pr_partnerships" ORDER BY "venue_pr_partnerships"."id" DESC LIMIT 1 /*application='Vibes'*/[0m
  [1m[36mUser Load (0.8ms)[0m  [1m[34mSELECT "users".* FROM "users" WHERE "users"."id" = '1bd5e3c4-6c23-4e95-8f4c-8ba3a82fdec9' LIMIT 1 /*application='Vibes'*/[0m
  [1m[36mVenuePrPartnership Load (1.2ms)[0m  [1m[34mSELECT "venue_pr_partnerships".* FROM "venue_pr_partnerships" WHERE "venue_pr_partnerships"."user_id" = '1bd5e3c4-6c23-4e95-8f4c-8ba3a82fdec9' AND "venue_pr_partnerships"."status" = 'active' /* loading for pp */ LIMIT 11 /*application='Vibes'*/[0m
  [1m[36mVenuePrPartnership Load (1.1ms)[0m  [1m[34mSELECT "venue_pr_partnerships".* FROM "venue_pr_partnerships" WHERE "venue_pr_partnerships"."user_id" = '1bd5e3c4-6c23-4e95-8f4c-8ba3a82fdec9' AND "venue_pr_partnerships"."status" = 'active' ORDER BY "venue_pr_partnerships"."id" DESC LIMIT 1 /*application='Vibes'*/[0m
[dotenv] Set [36mVIBES_DATABASE_PASSWORD[0m, [36mDATABASE_URL[0m, [36mSENDGRID_FROM_EMAIL[0m, [36mSENDGRID_API_KEY[0m, [36mTWILIO_ACCOUNT_SID[0m, [36mTWILIO_AUTH_TOKEN[0m, [36mTWILIO_PHONE_NUMBER[0m, [36mTWILIO_MESSAGING_SERVICE_SID[0m, [36mSTRIPE_SECRET_KEY[0m, [36mSTRIPE_WEBHOOK_SECRET[0m, [36mGOOGLE_APPLICATION_CREDENTIALS[0m, [36mSECRET_KEY_BASE[0m, [36mRAILS_LOG_TO_STDOUT[0m, [36mRAILS_SERVE_STATIC_FILES[0m, [36mRAILS_MAX_THREADS[0m, [36mWEB_CONCURRENCY[0m, [36mPORT[0m
[dotenv] Loaded [33m.env[0m
[dotenv] Loaded [33m.env[0m
  [1m[36mUser Load (1.9ms)[0m  [1m[34mSELECT "users".* FROM "users" WHERE "users"."id" = '1bd5e3c4-6c23-4e95-8f4c-8ba3a82fdec9' LIMIT 1 /*application='Vibes'*/[0m
  [1m[36mVenue Load (1.9ms)[0m  [1m[34mSELECT "venues".* FROM "venues" INNER JOIN "venue_pr_partnerships" ON "venues"."id" = "venue_pr_partnerships"."venue_id" WHERE "venue_pr_partnerships"."user_id" = '1bd5e3c4-6c23-4e95-8f4c-8ba3a82fdec9' /* loading for pp */ LIMIT 11 /*application='Vibes'*/[0m
[dotenv] Set [36mVIBES_DATABASE_PASSWORD[0m, [36mDATABASE_URL[0m, [36mSENDGRID_FROM_EMAIL[0m, [36mSENDGRID_API_KEY[0m, [36mTWILIO_ACCOUNT_SID[0m, [36mTWILIO_AUTH_TOKEN[0m, [36mTWILIO_PHONE_NUMBER[0m, [36mTWILIO_MESSAGING_SERVICE_SID[0m, [36mSTRIPE_SECRET_KEY[0m, [36mSTRIPE_WEBHOOK_SECRET[0m, [36mGOOGLE_APPLICATION_CREDENTIALS[0m, [36mSECRET_KEY_BASE[0m, [36mRAILS_LOG_TO_STDOUT[0m, [36mRAILS_SERVE_STATIC_FILES[0m, [36mRAILS_MAX_THREADS[0m, [36mWEB_CONCURRENCY[0m, [36mPORT[0m
[dotenv] Loaded [33m.env[0m
[dotenv] Loaded [33m.env[0m
  [1m[36mUser Load (2.1ms)[0m  [1m[34mSELECT "users".* FROM "users" ORDER BY "users"."id" DESC LIMIT 1 /*application='Vibes'*/[0m
  [1m[36mUser Load (1.2ms)[0m  [1m[34mSELECT "users".* FROM "users" WHERE "users"."phone" = '919543045069' /* loading for pp */ LIMIT 11 /*application='Vibes'*/[0m
  [1m[36mUser Load (0.9ms)[0m  [1m[34mSELECT "users".* FROM "users" WHERE "users"."phone" = '919543045069' ORDER BY "users"."id" DESC LIMIT 1 /*application='Vibes'*/[0m
  [1m[36mUser Load (0.8ms)[0m  [1m[34mSELECT "users".* FROM "users" WHERE "users"."phone" = '9543045069' ORDER BY "users"."id" DESC LIMIT 1 /*application='Vibes'*/[0m
[dotenv] Set [36mVIBES_DATABASE_PASSWORD[0m, [36mDATABASE_URL[0m, [36mSENDGRID_FROM_EMAIL[0m, [36mSENDGRID_API_KEY[0m, [36mTWILIO_ACCOUNT_SID[0m, [36mTWILIO_AUTH_TOKEN[0m, [36mTWILIO_PHONE_NUMBER[0m, [36mTWILIO_MESSAGING_SERVICE_SID[0m, [36mSTRIPE_SECRET_KEY[0m, [36mSTRIPE_WEBHOOK_SECRET[0m, [36mGOOGLE_APPLICATION_CREDENTIALS[0m, [36mSECRET_KEY_BASE[0m, [36mRAILS_LOG_TO_STDOUT[0m, [36mRAILS_SERVE_STATIC_FILES[0m, [36mRAILS_MAX_THREADS[0m, [36mWEB_CONCURRENCY[0m, [36mPORT[0m
[dotenv] Loaded [33m.env[0m
[dotenv] Loaded [33m.env[0m
  [1m[36mEvent Count (50.8ms)[0m  [1m[34mSELECT COUNT(*) FROM "events" /*application='Vibes'*/[0m
  [1m[36mEvent Load (1.1ms)[0m  [1m[34mSELECT "events".* FROM "events" WHERE "events"."id" = '039e79ad-ad15-4280-bc95-73e68700a315' LIMIT 1 /*application='Vibes'*/[0m
  [1m[36mUser Load (1.1ms)[0m  [1m[34mSELECT "users".* FROM "users" WHERE "users"."id" = 'da8ec7e5-cd4d-4909-904a-c24b046b4fb6' LIMIT 1 /*application='Vibes'*/[0m
[dotenv] Set [36mVIBES_DATABASE_PASSWORD[0m, [36mDATABASE_URL[0m, [36mSENDGRID_FROM_EMAIL[0m, [36mSENDGRID_API_KEY[0m, [36mTWILIO_ACCOUNT_SID[0m, [36mTWILIO_AUTH_TOKEN[0m, [36mTWILIO_PHONE_NUMBER[0m, [36mTWILIO_MESSAGING_SERVICE_SID[0m, [36mSTRIPE_SECRET_KEY[0m, [36mSTRIPE_WEBHOOK_SECRET[0m, [36mGOOGLE_APPLICATION_CREDENTIALS[0m, [36mSECRET_KEY_BASE[0m, [36mRAILS_LOG_TO_STDOUT[0m, [36mRAILS_SERVE_STATIC_FILES[0m, [36mRAILS_MAX_THREADS[0m, [36mWEB_CONCURRENCY[0m, [36mPORT[0m
[dotenv] Loaded [33m.env[0m
[dotenv] Loaded [33m.env[0m
  [1m[36mUser Pluck (0.9ms)[0m  [1m[34mSELECT "users"."role" FROM "users" /*application='Vibes'*/[0m
  [1m[36mUser Count (1.2ms)[0m  [1m[34mSELECT COUNT(*) FROM "users" WHERE "users"."role" = 'brand' /*application='Vibes'*/[0m
  [1m[36mUser Load (1.3ms)[0m  [1m[34mSELECT "users".* FROM "users" WHERE "users"."role" = 'brand' /* loading for pp */ LIMIT 11 /*application='Vibes'*/[0m
  [1m[36mUser Load (1.0ms)[0m  [1m[34mSELECT "users".* FROM "users" WHERE "users"."role" = 'brand' ORDER BY "users"."id" DESC LIMIT 1 /*application='Vibes'*/[0m
  [1m[36mTRANSACTION (0.3ms)[0m  [1m[35mBEGIN /*application='Vibes'*/[0m
  [1m[36mUser Exists? (0.4ms)[0m  [1m[34mSELECT 1 AS one FROM "users" WHERE "users"."phone" = '918607173190' AND "users"."id" != 'cb706524-8588-4a2c-9787-9596034effff' LIMIT 1 /*application='Vibes'*/[0m
  [1m[36mUser Update (1.2ms)[0m  [1m[33mUPDATE "users" SET "name" = 'Puma', "updated_at" = '2026-04-03 10:35:56.217104' WHERE "users"."id" = 'cb706524-8588-4a2c-9787-9596034effff' /*application='Vibes'*/[0m
  [1m[36mTRANSACTION (1.3ms)[0m  [1m[35mCOMMIT /*application='Vibes'*/[0m
[dotenv] Set [36mVIBES_DATABASE_PASSWORD[0m, [36mDATABASE_URL[0m, [36mSENDGRID_FROM_EMAIL[0m, [36mSENDGRID_API_KEY[0m, [36mTWILIO_ACCOUNT_SID[0m, [36mTWILIO_AUTH_TOKEN[0m, [36mTWILIO_PHONE_NUMBER[0m, [36mTWILIO_MESSAGING_SERVICE_SID[0m, [36mSTRIPE_SECRET_KEY[0m, [36mSTRIPE_WEBHOOK_SECRET[0m, [36mGOOGLE_APPLICATION_CREDENTIALS[0m, [36mSECRET_KEY_BASE[0m, [36mRAILS_LOG_TO_STDOUT[0m, [36mRAILS_SERVE_STATIC_FILES[0m, [36mRAILS_MAX_THREADS[0m, [36mWEB_CONCURRENCY[0m, [36mPORT[0m
[dotenv] Loaded [33m.env[0m
[dotenv] Loaded [33m.env[0m
  [1m[36mBooking Load (2.1ms)[0m  [1m[34mSELECT "bookings".* FROM "bookings" WHERE "bookings"."id" = '24e4713e-f798-42a1-832e-b0e9ce65d5a5' LIMIT 1 /*application='Vibes'*/[0m
  [1m[36mPaymentTransaction Load (4.0ms)[0m  [1m[34mSELECT "payment_transactions".* FROM "payment_transactions" WHERE "payment_transactions"."reference_id" = '24e4713e-f798-42a1-832e-b0e9ce65d5a5' AND "payment_transactions"."reference_type" = 'Booking' /* loading for pp */ LIMIT 11 /*application='Vibes'*/[0m
  [1m[36mEvent Load (1.7ms)[0m  [1m[34mSELECT "events".* FROM "events" WHERE "events"."id" = '8ad86c5e-5063-4b75-ae1d-045788d1bd2f' LIMIT 1 /*application='Vibes'*/[0m
  [1m[36mPaymentTransaction Load (1.9ms)[0m  [1m[34mSELECT "payment_transactions".* FROM "payment_transactions" ORDER BY "payment_transactions"."id" DESC LIMIT 1 /*application='Vibes'*/[0m
  [1m[36mPaymentTransaction Load (0.7ms)[0m  [1m[34mSELECT "payment_transactions".* FROM "payment_transactions" WHERE "payment_transactions"."reference_id" = '24e4713e-f798-42a1-832e-b0e9ce65d5a5' AND "payment_transactions"."reference_type" = 'Booking' /* loading for pp */ LIMIT 11 /*application='Vibes'*/[0m
[dotenv] Set [36mVIBES_DATABASE_PASSWORD[0m, [36mDATABASE_URL[0m, [36mSENDGRID_FROM_EMAIL[0m, [36mSENDGRID_API_KEY[0m, [36mTWILIO_ACCOUNT_SID[0m, [36mTWILIO_AUTH_TOKEN[0m, [36mTWILIO_PHONE_NUMBER[0m, [36mTWILIO_MESSAGING_SERVICE_SID[0m, [36mSTRIPE_SECRET_KEY[0m, [36mSTRIPE_WEBHOOK_SECRET[0m, [36mGOOGLE_APPLICATION_CREDENTIALS[0m, [36mSECRET_KEY_BASE[0m, [36mRAILS_LOG_TO_STDOUT[0m, [36mRAILS_SERVE_STATIC_FILES[0m, [36mRAILS_MAX_THREADS[0m, [36mWEB_CONCURRENCY[0m, [36mPORT[0m
[dotenv] Loaded [33m.env[0m
[dotenv] Loaded [33m.env[0m
  [1m[36mBooking Load (1.5ms)[0m  [1m[34mSELECT "bookings".* FROM "bookings" WHERE "bookings"."id" = 'fa892b82-e1d0-4c08-bd5a-5397ed934b7c' LIMIT 1 /*application='Vibes'*/[0m
  [1m[36mEvent Load (2.4ms)[0m  [1m[34mSELECT "events".* FROM "events" WHERE "events"."id" = '69fc7604-2572-49b9-b88c-5c056f7664c5' LIMIT 1 /*application='Vibes'*/[0m
  [1m[36mPaymentTransaction Load (1.5ms)[0m  [1m[34mSELECT "payment_transactions".* FROM "payment_transactions" WHERE "payment_transactions"."reference_id" = 'fa892b82-e1d0-4c08-bd5a-5397ed934b7c' AND "payment_transactions"."reference_type" = 'Booking' /* loading for pp */ LIMIT 11 /*application='Vibes'*/[0m
  [1m[36mBooking Load (0.9ms)[0m  [1m[34mSELECT "bookings".* FROM "bookings" WHERE "bookings"."id" = '3913c22e-196c-49e1-8222-aac6e49c9f6b' LIMIT 1 /*application='Vibes'*/[0m
  [1m[36mPaymentTransaction Load (1.5ms)[0m  [1m[34mSELECT "payment_transactions".* FROM "payment_transactions" WHERE "payment_transactions"."reference_id" = '3913c22e-196c-49e1-8222-aac6e49c9f6b' AND "payment_transactions"."reference_type" = 'Booking' /* loading for pp */ LIMIT 11 /*application='Vibes'*/[0m
  [1m[36mBooking Load (1.0ms)[0m  [1m[34mSELECT "bookings".* FROM "bookings" WHERE "bookings"."id" = '24e4713e-f798-42a1-832e-b0e9ce65d5a5' LIMIT 1 /*application='Vibes'*/[0m
[dotenv] Set [36mVIBES_DATABASE_PASSWORD[0m, [36mDATABASE_URL[0m, [36mSENDGRID_FROM_EMAIL[0m, [36mSENDGRID_API_KEY[0m, [36mTWILIO_ACCOUNT_SID[0m, [36mTWILIO_AUTH_TOKEN[0m, [36mTWILIO_PHONE_NUMBER[0m, [36mTWILIO_MESSAGING_SERVICE_SID[0m, [36mSTRIPE_SECRET_KEY[0m, [36mSTRIPE_WEBHOOK_SECRET[0m, [36mGOOGLE_APPLICATION_CREDENTIALS[0m, [36mSECRET_KEY_BASE[0m, [36mRAILS_LOG_TO_STDOUT[0m, [36mRAILS_SERVE_STATIC_FILES[0m, [36mRAILS_MAX_THREADS[0m, [36mWEB_CONCURRENCY[0m, [36mPORT[0m
[dotenv] Loaded [33m.env[0m
[dotenv] Loaded [33m.env[0m
  [1m[36mBooking Load (2.3ms)[0m  [1m[34mSELECT "bookings".* FROM "bookings" WHERE "bookings"."id" = 'b299d825-bc91-4691-9c4d-a9d6549df063' LIMIT 1 /*application='Vibes'*/[0m
[dotenv] Set [36mVIBES_DATABASE_PASSWORD[0m, [36mDATABASE_URL[0m, [36mSENDGRID_FROM_EMAIL[0m, [36mSENDGRID_API_KEY[0m, [36mTWILIO_ACCOUNT_SID[0m, [36mTWILIO_AUTH_TOKEN[0m, [36mTWILIO_PHONE_NUMBER[0m, [36mTWILIO_MESSAGING_SERVICE_SID[0m, [36mSTRIPE_SECRET_KEY[0m, [36mSTRIPE_WEBHOOK_SECRET[0m, [36mGOOGLE_APPLICATION_CREDENTIALS[0m, [36mSECRET_KEY_BASE[0m, [36mRAILS_LOG_TO_STDOUT[0m, [36mRAILS_SERVE_STATIC_FILES[0m, [36mRAILS_MAX_THREADS[0m, [36mWEB_CONCURRENCY[0m, [36mPORT[0m
[dotenv] Loaded [33m.env[0m
[dotenv] Loaded [33m.env[0m
  [1m[36mBooking Load (1.6ms)[0m  [1m[34mSELECT "bookings".* FROM "bookings" WHERE "bookings"."id" = '3913c22e-196c-49e1-8222-aac6e49c9f6b' LIMIT 1 /*application='Vibes'*/[0m
[dotenv] Set [36mVIBES_DATABASE_PASSWORD[0m, [36mDATABASE_URL[0m, [36mSENDGRID_FROM_EMAIL[0m, [36mSENDGRID_API_KEY[0m, [36mTWILIO_ACCOUNT_SID[0m, [36mTWILIO_AUTH_TOKEN[0m, [36mTWILIO_PHONE_NUMBER[0m, [36mTWILIO_MESSAGING_SERVICE_SID[0m, [36mSTRIPE_SECRET_KEY[0m, [36mSTRIPE_WEBHOOK_SECRET[0m, [36mGOOGLE_APPLICATION_CREDENTIALS[0m, [36mSECRET_KEY_BASE[0m, [36mRAILS_LOG_TO_STDOUT[0m, [36mRAILS_SERVE_STATIC_FILES[0m, [36mRAILS_MAX_THREADS[0m, [36mWEB_CONCURRENCY[0m, [36mPORT[0m
[dotenv] Loaded [33m.env[0m
[dotenv] Loaded [33m.env[0m
  [1m[36mDevice Load (1.9ms)[0m  [1m[34mSELECT "devices".* FROM "devices" ORDER BY "devices"."id" DESC LIMIT 1 /*application='Vibes'*/[0m
  [1m[36mDevice Load (51.9ms)[0m  [1m[34mSELECT "devices".* FROM "devices" ORDER BY "devices"."id" DESC LIMIT 1 /*application='Vibes'*/[0m
  [1m[36mBooking Load (2.2ms)[0m  [1m[34mSELECT "bookings".* FROM "bookings" ORDER BY "bookings"."id" DESC LIMIT 1 /*application='Vibes'*/[0m
  [1m[36mEvent Load (2.2ms)[0m  [1m[34mSELECT "events".* FROM "events" WHERE "events"."id" = '665964e6-5ec0-423b-bf37-24c8060dadc3' LIMIT 1 /*application='Vibes'*/[0m
  [1m[36mVenue Load (1.1ms)[0m  [1m[34mSELECT "venues".* FROM "venues" WHERE "venues"."id" = '9c060510-b54d-4792-a002-1b0c4289fc7f' LIMIT 1 /*application='Vibes'*/[0m
  [1m[36mUser Load (1.1ms)[0m  [1m[34mSELECT "users".* FROM "users" WHERE "users"."id" = '4e8144f8-70b1-4ad0-b082-89df72efb3d3' LIMIT 1 /*application='Vibes'*/[0m
  [1m[36mUser Load (0.7ms)[0m  [1m[34mSELECT "users".* FROM "users" WHERE "users"."id" = '477ebf0b-c449-46e8-9449-ed313a90edcc' LIMIT 1 /*application='Vibes'*/[0m
  [1m[36mVenuePrPartnership Load (1.1ms)[0m  [1m[34mSELECT "venue_pr_partnerships".* FROM "venue_pr_partnerships" WHERE "venue_pr_partnerships"."venue_id" = '9c060510-b54d-4792-a002-1b0c4289fc7f' AND "venue_pr_partnerships"."status" = 'active' /*application='Vibes'*/[0m
  [1m[36mUser Load (0.8ms)[0m  [1m[34mSELECT "users".* FROM "users" WHERE "users"."id" = 'ebc9995c-48e4-4f46-b27d-6e42bd7fd36f' /*application='Vibes'*/[0m
  [1m[36mVenueStaff Load (1.1ms)[0m  [1m[34mSELECT "venue_staff".* FROM "venue_staff" WHERE "venue_staff"."venue_id" = '9c060510-b54d-4792-a002-1b0c4289fc7f' AND "venue_staff"."status" = 'active' AND "venue_staff"."role" = 'manager' /*application='Vibes'*/[0m
  [1m[36mTRANSACTION (0.3ms)[0m  [1m[35mBEGIN /*application='Vibes'*/[0m
  [1m[36mNotification Create (2.0ms)[0m  [1m[32mINSERT INTO "notifications" ("user_id", "notification_type", "title", "message", "metadata", "read", "read_at", "created_at", "updated_at") VALUES ('4e8144f8-70b1-4ad0-b082-89df72efb3d3', 'booking_request', 'New booking request', 'sachin  test requested to book "sonically 2". Free booking. Please approve or reject.', '{"booking_id":"fec17c72-6127-4dec-afae-678a252b673c","event_id":"665964e6-5ec0-423b-bf37-24c8060dadc3","event_title":"sonically 2","user_id":"477ebf0b-c449-46e8-9449-ed313a90edcc","user_name":"sachin  test","user_username":"sachin","attendees_count":1,"price":0.0,"currency":"INR","is_free":true}', FALSE, NULL, '2026-04-17 10:02:53.777808', '2026-04-17 10:02:53.777808') RETURNING "id" /*application='Vibes'*/[0m
  [1m[36mTRANSACTION (2.4ms)[0m  [1m[35mCOMMIT /*application='Vibes'*/[0m
  [1m[36mDevice Exists? (0.9ms)[0m  [1m[34mSELECT 1 AS one FROM "devices" WHERE "devices"."user_id" = '4e8144f8-70b1-4ad0-b082-89df72efb3d3' AND "devices"."status" = 'active' AND "devices"."fcm_token" IS NOT NULL LIMIT 1 /*application='Vibes'*/[0m
  [1m[36mDevice Load (1.0ms)[0m  [1m[34mSELECT "devices".* FROM "devices" WHERE "devices"."user_id" = '4e8144f8-70b1-4ad0-b082-89df72efb3d3' AND "devices"."status" = 'active' AND "devices"."fcm_token" IS NOT NULL /*application='Vibes'*/[0m
  [1m[36mTRANSACTION (0.5ms)[0m  [1m[35mBEGIN /*application='Vibes'*/[0m
  [1m[36mNotification Create (2.1ms)[0m  [1m[32mINSERT INTO "notifications" ("user_id", "notification_type", "title", "message", "metadata", "read", "read_at", "created_at", "updated_at") VALUES ('ebc9995c-48e4-4f46-b27d-6e42bd7fd36f', 'booking_request', 'New booking request', 'sachin  test requested to book "sonically 2". Free booking. Please approve or reject.', '{"booking_id":"fec17c72-6127-4dec-afae-678a252b673c","event_id":"665964e6-5ec0-423b-bf37-24c8060dadc3","event_title":"sonically 2","user_id":"477ebf0b-c449-46e8-9449-ed313a90edcc","user_name":"sachin  test","user_username":"sachin","attendees_count":1,"price":0.0,"currency":"INR","is_free":true}', FALSE, NULL, '2026-04-17 10:02:54.244299', '2026-04-17 10:02:54.244299') RETURNING "id" /*application='Vibes'*/[0m
  [1m[36mTRANSACTION (1.4ms)[0m  [1m[35mCOMMIT /*application='Vibes'*/[0m
  [1m[36mDevice Exists? (0.7ms)[0m  [1m[34mSELECT 1 AS one FROM "devices" WHERE "devices"."user_id" = 'ebc9995c-48e4-4f46-b27d-6e42bd7fd36f' AND "devices"."status" = 'active' AND "devices"."fcm_token" IS NOT NULL LIMIT 1 /*application='Vibes'*/[0m
  [1m[36mNotification Load (1.2ms)[0m  [1m[34mSELECT "notifications".* FROM "notifications" ORDER BY "notifications"."id" DESC LIMIT 1 /*application='Vibes'*/[0m
  [1m[36mVenuePrPartnership Load (1.4ms)[0m  [1m[34mSELECT "venue_pr_partnerships".* FROM "venue_pr_partnerships" WHERE "venue_pr_partnerships"."venue_id" = '9c060510-b54d-4792-a002-1b0c4289fc7f' AND "venue_pr_partnerships"."status" = 'active' /*application='Vibes'*/[0m
  [1m[36mUser Load (0.8ms)[0m  [1m[34mSELECT "users".* FROM "users" WHERE "users"."id" = 'ebc9995c-48e4-4f46-b27d-6e42bd7fd36f' /*application='Vibes'*/[0m
  [1m[36mVenueStaff Load (1.6ms)[0m  [1m[34mSELECT "venue_staff".* FROM "venue_staff" WHERE "venue_staff"."venue_id" = '9c060510-b54d-4792-a002-1b0c4289fc7f' AND "venue_staff"."status" = 'active' AND "venue_staff"."role" = 'manager' /*application='Vibes'*/[0m
  [1m[36mUser Load (3.7ms)[0m  [1m[34mSELECT "users".* FROM "users" WHERE "users"."phone" = '918607173140' LIMIT 1 /*application='Vibes'*/[0m
  [1m[36mVenue Load (0.8ms)[0m  [1m[34mSELECT "venues".* FROM "venues" WHERE "venues"."owner_id" = '6ba889bd-9e0b-4e24-a35d-8e1b5af29bea' /* loading for pp */ LIMIT 11 /*application='Vibes'*/[0m
  [1m[36mUser Load (2.0ms)[0m  [1m[34mSELECT "users".* FROM "users" WHERE "users"."phone" = '918607173170' LIMIT 1 /*application='Vibes'*/[0m
  [1m[36mVenue Load (1.1ms)[0m  [1m[34mSELECT "venues".* FROM "venues" WHERE "venues"."owner_id" = 'c85595f2-3cd2-4415-a836-2b98f1de3ae7' /* loading for pp */ LIMIT 11 /*application='Vibes'*/[0m
  [1m[36mVenue Load (2.0ms)[0m  [1m[34mSELECT "venues".* FROM "venues" WHERE "venues"."owner_id" = 'c85595f2-3cd2-4415-a836-2b98f1de3ae7' ORDER BY "venues"."id" DESC LIMIT 1 /*application='Vibes'*/[0m
  [1m[36mEvent Load (2.8ms)[0m  [1m[34mSELECT "events".* FROM "events" WHERE "events"."venue_id" = '3d75f4d8-dbae-43bd-bcd7-39276d36261a' /*application='Vibes'*/[0m
  [1m[36mBooking Load (0.9ms)[0m  [1m[34mSELECT "bookings".* FROM "bookings" WHERE "bookings"."event_id" = '3253a32c-de4d-448f-869c-ababe4c526d4' /* loading for pp */ LIMIT 11 /*application='Vibes'*/[0m
  [1m[36mBooking Load (1.7ms)[0m  [1m[34mSELECT "bookings".* FROM "bookings" WHERE "bookings"."event_id" = '101ae83b-3397-443d-8cda-c1a04952720b' /*application='Vibes'*/[0m
  [1m[36mBooking Load (0.6ms)[0m  [1m[34mSELECT "bookings".* FROM "bookings" WHERE "bookings"."event_id" = '5b3f9e10-1238-475a-a34b-f8b7339bf03f' /*application='Vibes'*/[0m
  [1m[36mBooking Load (0.7ms)[0m  [1m[34mSELECT "bookings".* FROM "bookings" WHERE "bookings"."event_id" = '4b159c6c-3774-45c9-a3cf-d55739fb71ba' /*application='Vibes'*/[0m
  [1m[36mBooking Load (0.6ms)[0m  [1m[34mSELECT "bookings".* FROM "bookings" WHERE "bookings"."event_id" = '55e201ee-f3ba-4978-880b-493f51c0b6f6' /*application='Vibes'*/[0m
  [1m[36mBooking Load (0.7ms)[0m  [1m[34mSELECT "bookings".* FROM "bookings" WHERE "bookings"."event_id" = 'b8da75f5-bc07-43ca-80af-f026bfbf5489' /*application='Vibes'*/[0m
  [1m[36mBooking Load (0.7ms)[0m  [1m[34mSELECT "bookings".* FROM "bookings" WHERE "bookings"."event_id" = 'c868bd9a-3bd3-4b6b-b7cb-98ede2c615f4' /*application='Vibes'*/[0m
  [1m[36mBooking Load (0.7ms)[0m  [1m[34mSELECT "bookings".* FROM "bookings" WHERE "bookings"."event_id" = 'c47e6784-22f2-4bc3-a783-cef6629c57c5' /*application='Vibes'*/[0m
  [1m[36mBooking Load (0.6ms)[0m  [1m[34mSELECT "bookings".* FROM "bookings" WHERE "bookings"."event_id" = 'c59cc282-f001-43e0-b54d-fd6eb7ad523e' /*application='Vibes'*/[0m
  [1m[36mBooking Load (0.7ms)[0m  [1m[34mSELECT "bookings".* FROM "bookings" WHERE "bookings"."event_id" = '2dfc51f1-2632-403b-b63f-b3002c41f217' /*application='Vibes'*/[0m
  [1m[36mBooking Load (0.6ms)[0m  [1m[34mSELECT "bookings".* FROM "bookings" WHERE "bookings"."event_id" = 'e663bff1-df2f-4417-b187-9089e72bf23e' /*application='Vibes'*/[0m
  [1m[36mBooking Load (0.6ms)[0m  [1m[34mSELECT "bookings".* FROM "bookings" WHERE "bookings"."event_id" = '2e2a08ca-e238-48c1-96fa-d7658d693c7f' /*application='Vibes'*/[0m
  [1m[36mBooking Load (0.7ms)[0m  [1m[34mSELECT "bookings".* FROM "bookings" WHERE "bookings"."event_id" = '18f3d4b4-c867-4429-8f07-24a984f07b32' /*application='Vibes'*/[0m
  [1m[36mBooking Load (0.9ms)[0m  [1m[34mSELECT "bookings".* FROM "bookings" WHERE "bookings"."event_id" = '36a3da7b-998f-486e-b4af-5fac0782895e' /*application='Vibes'*/[0m
  [1m[36mBooking Load (0.9ms)[0m  [1m[34mSELECT "bookings".* FROM "bookings" WHERE "bookings"."event_id" = 'df774906-bbcd-42be-ad58-dc280bd2f572' /*application='Vibes'*/[0m
  [1m[36mBooking Load (0.8ms)[0m  [1m[34mSELECT "bookings".* FROM "bookings" WHERE "bookings"."event_id" = '07c6fb4a-082e-47b8-8556-962f5e483123' /*application='Vibes'*/[0m
  [1m[36mBooking Load (0.7ms)[0m  [1m[34mSELECT "bookings".* FROM "bookings" WHERE "bookings"."event_id" = 'e9e6ed0a-af54-486a-9ea9-f667beca47b9' /*application='Vibes'*/[0m
  [1m[36mBooking Load (0.7ms)[0m  [1m[34mSELECT "bookings".* FROM "bookings" WHERE "bookings"."event_id" = '1d810914-ce18-4c2e-a261-22fabcf871a7' /*application='Vibes'*/[0m
  [1m[36mBooking Load (0.6ms)[0m  [1m[34mSELECT "bookings".* FROM "bookings" WHERE "bookings"."event_id" = '36e5a9ef-dd8e-431c-9f6b-388fc04785f5' /*application='Vibes'*/[0m
  [1m[36mBooking Load (0.6ms)[0m  [1m[34mSELECT "bookings".* FROM "bookings" WHERE "bookings"."event_id" = '0a272267-843c-43df-b8a8-6e2385266c3f' /*application='Vibes'*/[0m
  [1m[36mBooking Load (0.7ms)[0m  [1m[34mSELECT "bookings".* FROM "bookings" WHERE "bookings"."event_id" = '2162b0d0-efeb-48e2-90a5-fbb2ef7b61a7' /*application='Vibes'*/[0m
  [1m[36mBooking Load (0.5ms)[0m  [1m[34mSELECT "bookings".* FROM "bookings" WHERE "bookings"."event_id" = '5f217a65-16f3-4a55-950e-6cba986a13ee' /*application='Vibes'*/[0m
  [1m[36mBooking Load (0.5ms)[0m  [1m[34mSELECT "bookings".* FROM "bookings" WHERE "bookings"."event_id" = '8ece50db-660c-4502-9f19-4f1183ef8f3f' /*application='Vibes'*/[0m
  [1m[36mBooking Load (0.5ms)[0m  [1m[34mSELECT "bookings".* FROM "bookings" WHERE "bookings"."event_id" = '42b552d1-52b0-4411-a852-06bd81c89509' /*application='Vibes'*/[0m
  [1m[36mBooking Load (0.5ms)[0m  [1m[34mSELECT "bookings".* FROM "bookings" WHERE "bookings"."event_id" = '66697aa3-b1f0-4ae2-a7e4-edaa4ec18f9c' /*application='Vibes'*/[0m
  [1m[36mBooking Load (0.6ms)[0m  [1m[34mSELECT "bookings".* FROM "bookings" WHERE "bookings"."event_id" = '45a91e28-d1fc-4c6f-a32b-d4a0ed0e4437' /*application='Vibes'*/[0m
  [1m[36mBooking Load (0.6ms)[0m  [1m[34mSELECT "bookings".* FROM "bookings" WHERE "bookings"."event_id" = '2e71b56f-aa0a-4929-955e-620422ac925a' /*application='Vibes'*/[0m
  [1m[36mBooking Load (0.4ms)[0m  [1m[34mSELECT "bookings".* FROM "bookings" WHERE "bookings"."event_id" = '901a8067-eb75-43b4-8f9e-803c03cbb24c' /*application='Vibes'*/[0m
  [1m[36mBooking Load (0.5ms)[0m  [1m[34mSELECT "bookings".* FROM "bookings" WHERE "bookings"."event_id" = '2636a0ff-a761-40f5-839c-559c2d646309' /*application='Vibes'*/[0m
  [1m[36mBooking Load (0.6ms)[0m  [1m[34mSELECT "bookings".* FROM "bookings" WHERE "bookings"."event_id" = '4ea1d128-3e01-4fb2-a0fd-7299748edcd9' /*application='Vibes'*/[0m
  [1m[36mBooking Load (0.5ms)[0m  [1m[34mSELECT "bookings".* FROM "bookings" WHERE "bookings"."event_id" = '2caf5d4e-cd28-4ec6-9551-2ac86ae644ef' /*application='Vibes'*/[0m
  [1m[36mBooking Load (0.4ms)[0m  [1m[34mSELECT "bookings".* FROM "bookings" WHERE "bookings"."event_id" = '230207bf-c7b6-4439-908b-3ba126715b1c' /*application='Vibes'*/[0m
  [1m[36mBooking Load (0.4ms)[0m  [1m[34mSELECT "bookings".* FROM "bookings" WHERE "bookings"."event_id" = '00f7d3e5-756b-4fc2-ae89-327fbd76f683' /*application='Vibes'*/[0m
  [1m[36mBooking Load (0.4ms)[0m  [1m[34mSELECT "bookings".* FROM "bookings" WHERE "bookings"."event_id" = 'b3cce2d7-0d53-4961-a5f2-5a50d77e84b0' /*application='Vibes'*/[0m
  [1m[36mBooking Load (0.4ms)[0m  [1m[34mSELECT "bookings".* FROM "bookings" WHERE "bookings"."event_id" = 'd8a1c1cd-d784-4cca-a1a8-6b5dcf9ecaf2' /*application='Vibes'*/[0m
  [1m[36mBooking Load (0.4ms)[0m  [1m[34mSELECT "bookings".* FROM "bookings" WHERE "bookings"."event_id" = 'bb29f252-c2cd-4fc4-8760-79de7d932e58' /*application='Vibes'*/[0m
  [1m[36mBooking Load (0.4ms)[0m  [1m[34mSELECT "bookings".* FROM "bookings" WHERE "bookings"."event_id" = '882c9103-3e82-45e4-b3d5-bd9feac9b0df' /*application='Vibes'*/[0m
  [1m[36mBooking Load (0.4ms)[0m  [1m[34mSELECT "bookings".* FROM "bookings" WHERE "bookings"."event_id" = '7dbe286b-fd85-49b8-8f8c-6aa023b4da5a' /*application='Vibes'*/[0m
  [1m[36mBooking Load (0.4ms)[0m  [1m[34mSELECT "bookings".* FROM "bookings" WHERE "bookings"."event_id" = '85bf232c-ad66-4e5c-b358-e821bf9c6217' /*application='Vibes'*/[0m
  [1m[36mBooking Load (0.7ms)[0m  [1m[34mSELECT "bookings".* FROM "bookings" WHERE "bookings"."event_id" = '7906e021-12e0-4b4b-82b9-9364950b5cc2' /*application='Vibes'*/[0m
  [1m[36mBooking Load (0.5ms)[0m  [1m[34mSELECT "bookings".* FROM "bookings" WHERE "bookings"."event_id" = '70da566d-3d66-45dc-9102-072a359f9a4c' /*application='Vibes'*/[0m
  [1m[36mBooking Load (0.6ms)[0m  [1m[34mSELECT "bookings".* FROM "bookings" WHERE "bookings"."event_id" = '60b2ed5e-c74a-420e-8f3d-0a8991ecea93' /*application='Vibes'*/[0m
  [1m[36mBooking Load (0.5ms)[0m  [1m[34mSELECT "bookings".* FROM "bookings" WHERE "bookings"."event_id" = 'f0319d14-d4be-4e28-bde9-908694da2795' /*application='Vibes'*/[0m
  [1m[36mBooking Load (0.5ms)[0m  [1m[34mSELECT "bookings".* FROM "bookings" WHERE "bookings"."event_id" = '78debb03-fcb8-4133-aa16-0c7502dcccc5' /*application='Vibes'*/[0m
  [1m[36mBooking Load (0.5ms)[0m  [1m[34mSELECT "bookings".* FROM "bookings" WHERE "bookings"."event_id" = '27532f52-3e49-41f0-80b8-4163a3add4a3' /*application='Vibes'*/[0m
  [1m[36mBooking Load (0.5ms)[0m  [1m[34mSELECT "bookings".* FROM "bookings" WHERE "bookings"."event_id" = '8a258426-9a7e-4f40-92ba-f5500a2c5f34' /*application='Vibes'*/[0m
  [1m[36mBooking Load (0.6ms)[0m  [1m[34mSELECT "bookings".* FROM "bookings" WHERE "bookings"."event_id" = '79cb3f14-d6b8-436f-88c7-f3bd30629f6c' /*application='Vibes'*/[0m
  [1m[36mBooking Load (0.5ms)[0m  [1m[34mSELECT "bookings".* FROM "bookings" WHERE "bookings"."event_id" = '1c0e3c0b-76cf-4252-a6a0-1310d89e5ce1' /*application='Vibes'*/[0m
  [1m[36mBooking Load (0.5ms)[0m  [1m[34mSELECT "bookings".* FROM "bookings" WHERE "bookings"."event_id" = '72a40c9b-b8ec-43e5-8a36-a692a8dacb7a' /*application='Vibes'*/[0m
  [1m[36mBooking Load (0.5ms)[0m  [1m[34mSELECT "bookings".* FROM "bookings" WHERE "bookings"."event_id" = 'cfc662a5-e35b-4d73-af22-fa7154db1cbb' /*application='Vibes'*/[0m
  [1m[36mBooking Load (0.5ms)[0m  [1m[34mSELECT "bookings".* FROM "bookings" WHERE "bookings"."event_id" = '87b1454b-c044-4b50-8c33-3815a7717748' /*application='Vibes'*/[0m
  [1m[36mBooking Load (1.0ms)[0m  [1m[34mSELECT "bookings".* FROM "bookings" WHERE "bookings"."event_id" = '654d3481-3d29-4c64-afa6-f436c83379c7' /*application='Vibes'*/[0m
  [1m[36mBooking Load (0.5ms)[0m  [1m[34mSELECT "bookings".* FROM "bookings" WHERE "bookings"."event_id" = '9577df30-5f74-4749-8f20-a9123a77f6e2' /*application='Vibes'*/[0m
  [1m[36mBooking Load (0.5ms)[0m  [1m[34mSELECT "bookings".* FROM "bookings" WHERE "bookings"."event_id" = '42339c76-d65c-47c0-9fc1-3cfa842dd21f' /*application='Vibes'*/[0m
  [1m[36mBooking Load (0.5ms)[0m  [1m[34mSELECT "bookings".* FROM "bookings" WHERE "bookings"."event_id" = '868c9c1f-6209-4161-8f2b-600a4ded5a98' /*application='Vibes'*/[0m
  [1m[36mBooking Load (0.5ms)[0m  [1m[34mSELECT "bookings".* FROM "bookings" WHERE "bookings"."event_id" = 'd69f6e26-85de-4288-926b-19800df0fe85' /*application='Vibes'*/[0m
  [1m[36mBooking Load (0.7ms)[0m  [1m[34mSELECT "bookings".* FROM "bookings" WHERE "bookings"."event_id" = '4e95995e-d1d2-4f56-b5a7-150cf14a5aa1' /*application='Vibes'*/[0m
  [1m[36mBooking Load (0.6ms)[0m  [1m[34mSELECT "bookings".* FROM "bookings" WHERE "bookings"."event_id" = '9e2806e2-ca16-4475-b2ed-58adcc475e4d' /*application='Vibes'*/[0m
  [1m[36mBooking Load (0.6ms)[0m  [1m[34mSELECT "bookings".* FROM "bookings" WHERE "bookings"."event_id" = '9937c450-8aa8-4092-8393-aae883374568' /*application='Vibes'*/[0m
  [1m[36mBooking Load (0.4ms)[0m  [1m[34mSELECT "bookings".* FROM "bookings" WHERE "bookings"."event_id" = '670f04e2-abfe-47d5-9ec3-d62e50ab13b5' /*application='Vibes'*/[0m
  [1m[36mBooking Load (0.5ms)[0m  [1m[34mSELECT "bookings".* FROM "bookings" WHERE "bookings"."event_id" = '720032b9-a6dc-44cf-a9fa-fe4369053613' /*application='Vibes'*/[0m
  [1m[36mBooking Load (0.4ms)[0m  [1m[34mSELECT "bookings".* FROM "bookings" WHERE "bookings"."event_id" = '322c89fb-83e4-4f23-af46-c2750e16040c' /*application='Vibes'*/[0m
  [1m[36mBooking Load (0.5ms)[0m  [1m[34mSELECT "bookings".* FROM "bookings" WHERE "bookings"."event_id" = 'e5cb47f8-94ff-43df-a28a-5e5bd28fab4e' /*application='Vibes'*/[0m
  [1m[36mBooking Load (0.5ms)[0m  [1m[34mSELECT "bookings".* FROM "bookings" WHERE "bookings"."event_id" = '40f7338a-1cf8-41b1-beb7-8584b0c1822e' /*application='Vibes'*/[0m
  [1m[36mBooking Load (1.2ms)[0m  [1m[34mSELECT "bookings".* FROM "bookings" WHERE "bookings"."event_id" = '15d8f56a-e24f-46c0-81b9-080a9654bb6d' /*application='Vibes'*/[0m
  [1m[36mBooking Load (0.6ms)[0m  [1m[34mSELECT "bookings".* FROM "bookings" WHERE "bookings"."event_id" = '78ea2a3a-a28a-4c1b-9412-23fcc9af2acf' /*application='Vibes'*/[0m
  [1m[36mBooking Load (0.6ms)[0m  [1m[34mSELECT "bookings".* FROM "bookings" WHERE "bookings"."event_id" = '7c6f9ecb-4f75-46f3-83d4-f62a8521f15e' /*application='Vibes'*/[0m
  [1m[36mBooking Load (0.6ms)[0m  [1m[34mSELECT "bookings".* FROM "bookings" WHERE "bookings"."event_id" = '84441cf7-1d7b-4c16-818c-d5645bc40f91' /*application='Vibes'*/[0m
  [1m[36mBooking Load (0.4ms)[0m  [1m[34mSELECT "bookings".* FROM "bookings" WHERE "bookings"."event_id" = '7af8e651-1bfa-4a89-b13a-e6941e683c9e' /*application='Vibes'*/[0m
  [1m[36mBooking Load (0.6ms)[0m  [1m[34mSELECT "bookings".* FROM "bookings" WHERE "bookings"."event_id" = '706aa961-4102-4a94-b1cc-ada3c2e8ffab' /*application='Vibes'*/[0m
  [1m[36mBooking Load (0.6ms)[0m  [1m[34mSELECT "bookings".* FROM "bookings" WHERE "bookings"."event_id" = '9df83928-85d7-479d-8050-844a1dc5c341' /*application='Vibes'*/[0m
  [1m[36mBooking Load (0.5ms)[0m  [1m[34mSELECT "bookings".* FROM "bookings" WHERE "bookings"."event_id" = 'd5dc2c37-0a13-48fb-b065-f5d3ed1244b3' /*application='Vibes'*/[0m
  [1m[36mBooking Load (0.4ms)[0m  [1m[34mSELECT "bookings".* FROM "bookings" WHERE "bookings"."event_id" = '494a07e6-0008-402d-bd99-5e6ef4e52f67' /*application='Vibes'*/[0m
  [1m[36mBooking Load (0.4ms)[0m  [1m[34mSELECT "bookings".* FROM "bookings" WHERE "bookings"."event_id" = '059c4529-8bff-4775-9169-61ee9a30a74b' /*application='Vibes'*/[0m
  [1m[36mBooking Load (0.5ms)[0m  [1m[34mSELECT "bookings".* FROM "bookings" WHERE "bookings"."event_id" = 'bb89bfc7-32c9-46f2-846e-6f964adbde29' /*application='Vibes'*/[0m
  [1m[36mBooking Load (0.5ms)[0m  [1m[34mSELECT "bookings".* FROM "bookings" WHERE "bookings"."event_id" = 'c5e9724a-b90c-4cff-8d69-147343bc84db' /*application='Vibes'*/[0m
  [1m[36mBooking Load (0.8ms)[0m  [1m[34mSELECT "bookings".* FROM "bookings" WHERE "bookings"."event_id" = '6e615f43-5741-4dfb-8693-77e82da92ff9' /*application='Vibes'*/[0m
  [1m[36mBooking Load (0.7ms)[0m  [1m[34mSELECT "bookings".* FROM "bookings" WHERE "bookings"."event_id" = 'd1e2a8b3-5df5-4549-935a-1d55f1186a91' /*application='Vibes'*/[0m
  [1m[36mBooking Load (0.9ms)[0m  [1m[34mSELECT "bookings".* FROM "bookings" WHERE "bookings"."event_id" = 'f6089e5a-ce57-4993-807b-96e7485e8817' /*application='Vibes'*/[0m
  [1m[36mBooking Load (0.8ms)[0m  [1m[34mSELECT "bookings".* FROM "bookings" WHERE "bookings"."event_id" = '69fc7604-2572-49b9-b88c-5c056f7664c5' /*application='Vibes'*/[0m
  [1m[36mBooking Load (0.8ms)[0m  [1m[34mSELECT "bookings".* FROM "bookings" WHERE "bookings"."event_id" = '0da2f5bd-4c0d-49e8-b590-9982441529fc' /*application='Vibes'*/[0m
  [1m[36mBooking Load (0.8ms)[0m  [1m[34mSELECT "bookings".* FROM "bookings" WHERE "bookings"."event_id" = '1916be9b-432b-46b8-9423-ba3078a8cd77' /*application='Vibes'*/[0m
  [1m[36mBooking Load (0.9ms)[0m  [1m[34mSELECT "bookings".* FROM "bookings" WHERE "bookings"."event_id" = '67c552b5-1b92-4a97-b08b-ec9e9f32bac8' /*application='Vibes'*/[0m
  [1m[36mBooking Load (0.7ms)[0m  [1m[34mSELECT "bookings".* FROM "bookings" WHERE "bookings"."event_id" = '9efc806e-3752-400a-992e-e5a00581d875' /*application='Vibes'*/[0m
  [1m[36mBooking Load (0.7ms)[0m  [1m[34mSELECT "bookings".* FROM "bookings" WHERE "bookings"."event_id" = '31665969-b5cc-47da-8f74-ab5bd70d618b' /*application='Vibes'*/[0m
  [1m[36mBooking Load (0.8ms)[0m  [1m[34mSELECT "bookings".* FROM "bookings" WHERE "bookings"."event_id" = 'c354efcc-56c2-4265-ad5a-96cf3387b322' /*application='Vibes'*/[0m
  [1m[36mBooking Load (0.8ms)[0m  [1m[34mSELECT "bookings".* FROM "bookings" WHERE "bookings"."event_id" = 'b952143a-c84d-44dc-9088-d577867f9009' /*application='Vibes'*/[0m
  [1m[36mBooking Load (1.2ms)[0m  [1m[34mSELECT "bookings".* FROM "bookings" WHERE "bookings"."event_id" = '6f61c830-b0f0-497a-9f2d-5ecb9326823d' /*application='Vibes'*/[0m
  [1m[36mBooking Load (0.8ms)[0m  [1m[34mSELECT "bookings".* FROM "bookings" WHERE "bookings"."event_id" = 'e77eda2c-668e-4be5-a920-7cd09a83cd98' /*application='Vibes'*/[0m
  [1m[36mBooking Load (0.6ms)[0m  [1m[34mSELECT "bookings".* FROM "bookings" WHERE "bookings"."event_id" = '44b4268e-2047-442e-b36e-d7b0b212465e' /*application='Vibes'*/[0m
  [1m[36mBooking Load (0.7ms)[0m  [1m[34mSELECT "bookings".* FROM "bookings" WHERE "bookings"."event_id" = '9010eb96-9f00-4378-b9a0-39445411fa2f' /*application='Vibes'*/[0m
  [1m[36mBooking Load (0.7ms)[0m  [1m[34mSELECT "bookings".* FROM "bookings" WHERE "bookings"."event_id" = '9c271551-7e37-4915-8c31-ccff9b0938e0' /*application='Vibes'*/[0m
  [1m[36mBooking Load (0.7ms)[0m  [1m[34mSELECT "bookings".* FROM "bookings" WHERE "bookings"."event_id" = '3306773a-e380-48f0-9b9c-6644adf368c6' /*application='Vibes'*/[0m
  [1m[36mBooking Load (0.7ms)[0m  [1m[34mSELECT "bookings".* FROM "bookings" WHERE "bookings"."event_id" = 'f27d8174-55c5-4e88-a0d4-62abc87f4aef' /*application='Vibes'*/[0m
  [1m[36mBooking Load (0.7ms)[0m  [1m[34mSELECT "bookings".* FROM "bookings" WHERE "bookings"."event_id" = '2b176876-ec00-4c9c-8edc-5d299e045b83' /*application='Vibes'*/[0m
  [1m[36mBooking Load (0.6ms)[0m  [1m[34mSELECT "bookings".* FROM "bookings" WHERE "bookings"."event_id" = '28dfb6da-a6ab-4063-b8eb-fdee2d644bfa' /*application='Vibes'*/[0m
  [1m[36mBooking Load (0.8ms)[0m  [1m[34mSELECT "bookings".* FROM "bookings" WHERE "bookings"."event_id" = '8ad86c5e-5063-4b75-ae1d-045788d1bd2f' /*application='Vibes'*/[0m
  [1m[36mBooking Load (0.7ms)[0m  [1m[34mSELECT "bookings".* FROM "bookings" WHERE "bookings"."event_id" = 'aea44c21-a1a8-49a4-b36b-196633e995fd' /*application='Vibes'*/[0m
  [1m[36mBooking Load (0.7ms)[0m  [1m[34mSELECT "bookings".* FROM "bookings" WHERE "bookings"."event_id" = '80921df9-e17b-4ee2-bffe-216104d62b4f' /*application='Vibes'*/[0m
  [1m[36mBooking Load (0.7ms)[0m  [1m[34mSELECT "bookings".* FROM "bookings" WHERE "bookings"."event_id" = '741890b0-f2d0-4c52-8b3b-e133fc4b4e9e' /*application='Vibes'*/[0m
  [1m[36mBooking Load (0.7ms)[0m  [1m[34mSELECT "bookings".* FROM "bookings" WHERE "bookings"."event_id" = '7d2447f2-5842-4891-8587-10c899e99b8a' /*application='Vibes'*/[0m
  [1m[36mBooking Load (0.7ms)[0m  [1m[34mSELECT "bookings".* FROM "bookings" WHERE "bookings"."event_id" = '7208c4b0-89fa-4782-a28d-9ae8547242da' /*application='Vibes'*/[0m
  [1m[36mBooking Load (1.2ms)[0m  [1m[34mSELECT "bookings".* FROM "bookings" WHERE "bookings"."event_id" = 'aa77660b-470f-4975-bbca-1665cc13379d' /*application='Vibes'*/[0m
  [1m[36mBooking Load (0.6ms)[0m  [1m[34mSELECT "bookings".* FROM "bookings" WHERE "bookings"."event_id" = '7b9845a3-3706-4857-b1c1-4f0665742bf3' /*application='Vibes'*/[0m
  [1m[36mBooking Load (0.6ms)[0m  [1m[34mSELECT "bookings".* FROM "bookings" WHERE "bookings"."event_id" = '3253a32c-de4d-448f-869c-ababe4c526d4' /*application='Vibes'*/[0m
  [1m[36mUser Load (1.0ms)[0m  [1m[34mSELECT "users".* FROM "users" WHERE "users"."id" = 'c85595f2-3cd2-4415-a836-2b98f1de3ae7' LIMIT 1 /*application='Vibes'*/[0m
  [1m[36mUser Load (0.7ms)[0m  [1m[34mSELECT "users".* FROM "users" WHERE "users"."id" = '6ba889bd-9e0b-4e24-a35d-8e1b5af29bea' LIMIT 1 /*application='Vibes'*/[0m
  [1m[36mVenuePrPartnership Load (0.6ms)[0m  [1m[34mSELECT "venue_pr_partnerships".* FROM "venue_pr_partnerships" WHERE "venue_pr_partnerships"."venue_id" = '3d75f4d8-dbae-43bd-bcd7-39276d36261a' AND "venue_pr_partnerships"."status" = 'active' /*application='Vibes'*/[0m
  [1m[36mUser Load (0.6ms)[0m  [1m[34mSELECT "users".* FROM "users" WHERE "users"."id" = '1bd5e3c4-6c23-4e95-8f4c-8ba3a82fdec9' /*application='Vibes'*/[0m
  [1m[36mVenueStaff Load (0.8ms)[0m  [1m[34mSELECT "venue_staff".* FROM "venue_staff" WHERE "venue_staff"."venue_id" = '3d75f4d8-dbae-43bd-bcd7-39276d36261a' AND "venue_staff"."status" = 'active' AND "venue_staff"."role" = 'manager' /*application='Vibes'*/[0m
  [1m[36mTRANSACTION (0.3ms)[0m  [1m[35mBEGIN /*application='Vibes'*/[0m
  [1m[36mNotification Create (1.6ms)[0m  [1m[32mINSERT INTO "notifications" ("user_id", "notification_type", "title", "message", "metadata", "read", "read_at", "created_at", "updated_at") VALUES ('c85595f2-3cd2-4415-a836-2b98f1de3ae7', 'booking_request', 'New booking request', 'A user requested to book "test booking". Payment pending. Please approve or reject.', '{"booking_id":"b299d825-bc91-4691-9c4d-a9d6549df063","event_id":"7b9845a3-3706-4857-b1c1-4f0665742bf3","event_title":"test booking","user_id":"6ba889bd-9e0b-4e24-a35d-8e1b5af29bea","user_name":null,"user_username":null,"attendees_count":1,"price":7050.0,"currency":"INR","is_free":false}', FALSE, NULL, '2026-04-17 10:08:47.462338', '2026-04-17 10:08:47.462338') RETURNING "id" /*application='Vibes'*/[0m
  [1m[36mTRANSACTION (4.3ms)[0m  [1m[35mCOMMIT /*application='Vibes'*/[0m
  [1m[36mDevice Exists? (0.7ms)[0m  [1m[34mSELECT 1 AS one FROM "devices" WHERE "devices"."user_id" = 'c85595f2-3cd2-4415-a836-2b98f1de3ae7' AND "devices"."status" = 'active' AND "devices"."fcm_token" IS NOT NULL LIMIT 1 /*application='Vibes'*/[0m
  [1m[36mDevice Load (0.8ms)[0m  [1m[34mSELECT "devices".* FROM "devices" WHERE "devices"."user_id" = 'c85595f2-3cd2-4415-a836-2b98f1de3ae7' AND "devices"."status" = 'active' AND "devices"."fcm_token" IS NOT NULL /*application='Vibes'*/[0m
  [1m[36mTRANSACTION (0.5ms)[0m  [1m[35mBEGIN /*application='Vibes'*/[0m
  [1m[36mNotification Create (2.1ms)[0m  [1m[32mINSERT INTO "notifications" ("user_id", "notification_type", "title", "message", "metadata", "read", "read_at", "created_at", "updated_at") VALUES ('1bd5e3c4-6c23-4e95-8f4c-8ba3a82fdec9', 'booking_request', 'New booking request', 'A user requested to book "test booking". Payment pending. Please approve or reject.', '{"booking_id":"b299d825-bc91-4691-9c4d-a9d6549df063","event_id":"7b9845a3-3706-4857-b1c1-4f0665742bf3","event_title":"test booking","user_id":"6ba889bd-9e0b-4e24-a35d-8e1b5af29bea","user_name":null,"user_username":null,"attendees_count":1,"price":7050.0,"currency":"INR","is_free":false}', FALSE, NULL, '2026-04-17 10:08:49.046097', '2026-04-17 10:08:49.046097') RETURNING "id" /*application='Vibes'*/[0m
  [1m[36mTRANSACTION (2.9ms)[0m  [1m[35mCOMMIT /*application='Vibes'*/[0m
  [1m[36mDevice Exists? (1.0ms)[0m  [1m[34mSELECT 1 AS one FROM "devices" WHERE "devices"."user_id" = '1bd5e3c4-6c23-4e95-8f4c-8ba3a82fdec9' AND "devices"."status" = 'active' AND "devices"."fcm_token" IS NOT NULL LIMIT 1 /*application='Vibes'*/[0m
  [1m[36mDevice Load (1.0ms)[0m  [1m[34mSELECT "devices".* FROM "devices" WHERE "devices"."user_id" = '1bd5e3c4-6c23-4e95-8f4c-8ba3a82fdec9' AND "devices"."status" = 'active' AND "devices"."fcm_token" IS NOT NULL /*application='Vibes'*/[0m
  [1m[36mVenuePrPartnership Load (1.4ms)[0m  [1m[34mSELECT "venue_pr_partnerships".* FROM "venue_pr_partnerships" WHERE "venue_pr_partnerships"."venue_id" = '3d75f4d8-dbae-43bd-bcd7-39276d36261a' AND "venue_pr_partnerships"."status" = 'active' /*application='Vibes'*/[0m
  [1m[36mUser Load (0.8ms)[0m  [1m[34mSELECT "users".* FROM "users" WHERE "users"."id" = '1bd5e3c4-6c23-4e95-8f4c-8ba3a82fdec9' /*application='Vibes'*/[0m
  [1m[36mVenueStaff Load (0.7ms)[0m  [1m[34mSELECT "venue_staff".* FROM "venue_staff" WHERE "venue_staff"."venue_id" = '3d75f4d8-dbae-43bd-bcd7-39276d36261a' AND "venue_staff"."status" = 'active' AND "venue_staff"."role" = 'manager' /*application='Vibes'*/[0m
  [1m[36mNotification Load (2.8ms)[0m  [1m[34mSELECT "notifications".* FROM "notifications" WHERE "notifications"."id" = 'a6f2f13b-5b71-451a-b39a-ffe11f3fe7fa' LIMIT 1 /*application='Vibes'*/[0m
  [1m[36mUser Load (1.3ms)[0m  [1m[34mSELECT "users".* FROM "users" WHERE "users"."id" = 'c85595f2-3cd2-4415-a836-2b98f1de3ae7' LIMIT 1 /*application='Vibes'*/[0m
  [1m[36mDevice Exists? (1.1ms)[0m  [1m[34mSELECT 1 AS one FROM "devices" WHERE "devices"."user_id" = 'c85595f2-3cd2-4415-a836-2b98f1de3ae7' AND "devices"."status" = 'active' AND "devices"."fcm_token" IS NOT NULL LIMIT 1 /*application='Vibes'*/[0m
  [1m[36mDevice Load (0.8ms)[0m  [1m[34mSELECT "devices".* FROM "devices" WHERE "devices"."user_id" = 'c85595f2-3cd2-4415-a836-2b98f1de3ae7' AND "devices"."status" = 'active' AND "devices"."fcm_token" IS NOT NULL /*application='Vibes'*/[0m
  [1m[36mDevice Load (0.9ms)[0m  [1m[34mSELECT "devices".* FROM "devices" WHERE "devices"."id" = '51cb66d6-bf87-49e1-b263-2ddfdb0ee961' /* loading for pp */ LIMIT 11 /*application='Vibes'*/[0m
  [1m[36mDevice Load (3.9ms)[0m  [1m[34mSELECT "devices".* FROM "devices" WHERE "devices"."id" = '51cb66d6-bf87-49e1-b263-2ddfdb0ee961' ORDER BY "devices"."id" DESC LIMIT 1 /*application='Vibes'*/[0m
  [1m[36mDevice Pluck (1.1ms)[0m  [1m[34mSELECT "devices"."fcm_token" FROM "devices" WHERE "devices"."id" IN ('51cb66d6-bf87-49e1-b263-2ddfdb0ee961', '987eb3ed-d8d4-4e81-abf0-8a0ef3a0c3f7', 'fbfaa96d-7839-44b8-b689-a04eabb18a9d', 'b67a94c4-2797-495e-891c-eeb8da882083', '3b6549e3-935b-4c44-b036-019b17e59738', '3a27511d-76d0-4c20-8b15-4d5276f84dcc', 'ca14c1c2-ffbe-4f7e-b8d8-4b8acbfc70a8', '52c109cb-5404-48fd-8f0c-dcf39c7ba540', 'cfbe13cf-efcb-4c7d-8171-aac948487362', 'ade8884c-4812-4ec5-be92-f55522db58a2') /*application='Vibes'*/[0m
  [1m[36mDevice Count (1.4ms)[0m  [1m[34mSELECT COUNT(*) FROM "devices" WHERE "devices"."fcm_token" = 'eLBoG_oGW0ylkqzm9HVzxP:APA91bFQwPgV_f9znHy7us9k26iqfN3PMjQR3ajZ1NLQNh8IObxSp7MM2HsBmAKubaBnkivUn4eetA6g91Y9f1pMkiyFZfqmwYnOBnJChhQI9nv8iFsdxkU' /*application='Vibes'*/[0m
  [1m[36mDevice Load (1.3ms)[0m  [1m[34mSELECT "devices".* FROM "devices" WHERE "devices"."id" IN ('51cb66d6-bf87-49e1-b263-2ddfdb0ee961', '987eb3ed-d8d4-4e81-abf0-8a0ef3a0c3f7', 'fbfaa96d-7839-44b8-b689-a04eabb18a9d', 'b67a94c4-2797-495e-891c-eeb8da882083', '3b6549e3-935b-4c44-b036-019b17e59738', '3a27511d-76d0-4c20-8b15-4d5276f84dcc', 'ca14c1c2-ffbe-4f7e-b8d8-4b8acbfc70a8', '52c109cb-5404-48fd-8f0c-dcf39c7ba540', 'cfbe13cf-efcb-4c7d-8171-aac948487362', 'ade8884c-4812-4ec5-be92-f55522db58a2') AND "devices"."fcm_token" = 'eLBoG_oGW0ylkqzm9HVzxP:APA91bFQwPgV_f9znHy7us9k26iqfN3PMjQR3ajZ1NLQNh8IObxSp7MM2HsBmAKubaBnkivUn4eetA6g91Y9f1pMkiyFZfqmwYnOBnJChhQI9nv8iFsdxkU' /* loading for pp */ LIMIT 11 /*application='Vibes'*/[0m
  [1m[36mDevice Load (1.0ms)[0m  [1m[34mSELECT "devices".* FROM "devices" WHERE "devices"."id" = '3a27511d-76d0-4c20-8b15-4d5276f84dcc' LIMIT 1 /*application='Vibes'*/[0m
FCM send_to_token error: undefined method 'transform_values' for an instance of String
[dotenv] Set [36mVIBES_DATABASE_PASSWORD[0m, [36mDATABASE_URL[0m, [36mSENDGRID_FROM_EMAIL[0m, [36mSENDGRID_API_KEY[0m, [36mTWILIO_ACCOUNT_SID[0m, [36mTWILIO_AUTH_TOKEN[0m, [36mTWILIO_PHONE_NUMBER[0m, [36mTWILIO_MESSAGING_SERVICE_SID[0m, [36mSTRIPE_SECRET_KEY[0m, [36mSTRIPE_WEBHOOK_SECRET[0m, [36mGOOGLE_APPLICATION_CREDENTIALS[0m, [36mSECRET_KEY_BASE[0m, [36mRAILS_LOG_TO_STDOUT[0m, [36mRAILS_SERVE_STATIC_FILES[0m, [36mRAILS_MAX_THREADS[0m, [36mWEB_CONCURRENCY[0m, [36mPORT[0m
[dotenv] Loaded [33m.env[0m
[dotenv] Loaded [33m.env[0m
  [1m[36mUser Load (1.6ms)[0m  [1m[34mSELECT "users".* FROM "users" WHERE "users"."phone" = '8607173170' LIMIT 1 /*application='Vibes'*/[0m
  [1m[36mUser Load (1.0ms)[0m  [1m[34mSELECT "users".* FROM "users" WHERE "users"."phone" = '918607173170' LIMIT 1 /*application='Vibes'*/[0m
  [1m[36mVenue Load (1.8ms)[0m  [1m[34mSELECT "venues".* FROM "venues" WHERE "venues"."owner_id" = 'c85595f2-3cd2-4415-a836-2b98f1de3ae7' ORDER BY "venues"."id" ASC LIMIT 1 /*application='Vibes'*/[0m
  [1m[36mMoment Load (1.9ms)[0m  [1m[34mSELECT "moments".* FROM "moments" ORDER BY "moments"."id" DESC LIMIT 1 /*application='Vibes'*/[0m
  [1m[36mMoment Load (1.0ms)[0m  [1m[34mSELECT "moments".* FROM "moments" ORDER BY "moments"."id" DESC LIMIT 1 /*application='Vibes'*/[0m
  [1m[36mActiveStorage::Attachment Load (1.3ms)[0m  [1m[34mSELECT "active_storage_attachments".* FROM "active_storage_attachments" WHERE "active_storage_attachments"."record_id" = 'ffa78788-98fb-455c-b3c2-672407679b20' AND "active_storage_attachments"."record_type" = 'Moment' AND "active_storage_attachments"."name" = 'video' LIMIT 1 /*application='Vibes'*/[0m
  [1m[36mActiveStorage::Blob Load (0.9ms)[0m  [1m[34mSELECT "active_storage_blobs".* FROM "active_storage_blobs" WHERE "active_storage_blobs"."id" = '8e9ecc91-c40b-4c41-b129-1c7f5b505969' LIMIT 1 /*application='Vibes'*/[0m
[36m  Disk Storage (2771.5ms) [0m[34mGenerated URL for file at key: lxs6ntrqxr01pautvl2o1i7opyvc ()[0m
  [1m[36mMoment Load (1.1ms)[0m  [1m[34mSELECT "moments".* FROM "moments" ORDER BY "moments"."id" DESC LIMIT 1 /*application='Vibes'*/[0m
  [1m[36mActiveStorage::Attachment Load (0.9ms)[0m  [1m[34mSELECT "active_storage_attachments".* FROM "active_storage_attachments" WHERE "active_storage_attachments"."record_id" = 'ffa78788-98fb-455c-b3c2-672407679b20' AND "active_storage_attachments"."record_type" = 'Moment' AND "active_storage_attachments"."name" = 'video' LIMIT 1 /*application='Vibes'*/[0m
  [1m[36mActiveStorage::Blob Load (0.8ms)[0m  [1m[34mSELECT "active_storage_blobs".* FROM "active_storage_blobs" WHERE "active_storage_blobs"."id" = '8e9ecc91-c40b-4c41-b129-1c7f5b505969' LIMIT 1 /*application='Vibes'*/[0m
  [1m[36mMoment Load (46.1ms)[0m  [1m[34mSELECT "moments".* FROM "moments" WHERE (venue_id is not null) ORDER BY "moments"."id" DESC LIMIT 1 /*application='Vibes'*/[0m
  [1m[36mActiveStorage::Attachment Load (1.6ms)[0m  [1m[34mSELECT "active_storage_attachments".* FROM "active_storage_attachments" WHERE "active_storage_attachments"."record_id" = 'fd3d3a3e-d423-4af3-ae89-fbc11455eccc' AND "active_storage_attachments"."record_type" = 'Moment' AND "active_storage_attachments"."name" = 'video' LIMIT 1 /*application='Vibes'*/[0m
  [1m[36mActiveStorage::Blob Load (1.5ms)[0m  [1m[34mSELECT "active_storage_blobs".* FROM "active_storage_blobs" WHERE "active_storage_blobs"."id" = 'fc178429-3980-49fe-9054-441b83e1ed80' LIMIT 1 /*application='Vibes'*/[0m
  [1m[36mVenue Load (1.1ms)[0m  [1m[34mSELECT "venues".* FROM "venues" WHERE "venues"."id" = '3d75f4d8-dbae-43bd-bcd7-39276d36261a' LIMIT 1 /*application='Vibes'*/[0m
  [1m[36mMoment Count (1.7ms)[0m  [1m[34mSELECT COUNT(*) FROM "moments" WHERE "moments"."deleted_at" IS NULL AND (expires_at IS NULL OR expires_at > '2026-04-20 06:29:12.094646') AND "moments"."venue_id" = '3d75f4d8-dbae-43bd-bcd7-39276d36261a' /*application='Vibes'*/[0m
  [1m[36mTRANSACTION (0.5ms)[0m  [1m[35mBEGIN /*application='Vibes'*/[0m
  [1m[36mMoment Update (2.3ms)[0m  [1m[33mUPDATE "moments" SET "expires_at" = '2026-04-04 11:15:25.412208', "deleted_at" = NULL, "updated_at" = '2026-04-20 06:31:28.674004' WHERE "moments"."id" = 'fd3d3a3e-d423-4af3-ae89-fbc11455eccc' /*application='Vibes'*/[0m
  [1m[36mTRANSACTION (1.7ms)[0m  [1m[35mCOMMIT /*application='Vibes'*/[0m
  [1m[36mMoment Count (1.3ms)[0m  [1m[34mSELECT COUNT(*) FROM "moments" WHERE "moments"."deleted_at" IS NULL AND (expires_at IS NULL OR expires_at > '2026-04-20 06:32:14.562467') AND "moments"."venue_id" = '3d75f4d8-dbae-43bd-bcd7-39276d36261a' /*application='Vibes'*/[0m
  [1m[36mTRANSACTION (0.4ms)[0m  [1m[35mBEGIN /*application='Vibes'*/[0m
  [1m[36mMoment Update (1.5ms)[0m  [1m[33mUPDATE "moments" SET "expires_at" = NULL, "updated_at" = '2026-04-20 06:32:34.673404' WHERE "moments"."id" = 'fd3d3a3e-d423-4af3-ae89-fbc11455eccc' /*application='Vibes'*/[0m
  [1m[36mTRANSACTION (2.2ms)[0m  [1m[35mCOMMIT /*application='Vibes'*/[0m
  [1m[36mMoment Count (1.0ms)[0m  [1m[34mSELECT COUNT(*) FROM "moments" WHERE "moments"."deleted_at" IS NULL AND (expires_at IS NULL OR expires_at > '2026-04-20 06:32:37.506274') AND "moments"."venue_id" = '3d75f4d8-dbae-43bd-bcd7-39276d36261a' /*application='Vibes'*/[0m
[36m  Disk Storage (1.2ms) [0m[34mGenerated URL for file at key: 5h2q3e9hdm80yllars6m7dh6vf27 (http://localhost/rails/active_storage/disk/eyJfcmFpbHMiOnsiZGF0YSI6eyJrZXkiOiI1aDJxM2U5aGRtODB5bGxhcnM2bTdkaDZ2ZjI3IiwiZGlzcG9zaXRpb24iOiJhdHRhY2htZW50OyBmaWxlbmFtZT1cIkNPTVBPU0lURV8yMDI2MDMyNF8xNjQ1MDk0ODEubXA0XCI7IGZpbGVuYW1lKj1VVEYtOCcnQ09NUE9TSVRFXzIwMjYwMzI0XzE2NDUwOTQ4MS5tcDQiLCJjb250ZW50X3R5cGUiOiJ2aWRlby9tcDQiLCJzZXJ2aWNlX25hbWUiOiJsb2NhbCJ9LCJleHAiOiIyMDI2LTA0LTIwVDA2OjM4OjIwLjIxN1oiLCJwdXIiOiJibG9iX2tleSJ9fQ==--24736cdc4cf8b885e1b2d69e8bb800221d5dd5a9/COMPOSITE_20260324_164509481.mp4)[0m
  [1m[36mTRANSACTION (0.4ms)[0m  [1m[35mBEGIN /*application='Vibes'*/[0m
  [1m[36mMoment Update (1.6ms)[0m  [1m[33mUPDATE "moments" SET "updated_at" = '2026-04-20 06:33:57.316228', "projection" = 'equirectangular' WHERE "moments"."id" = 'fd3d3a3e-d423-4af3-ae89-fbc11455eccc' /*application='Vibes'*/[0m
  [1m[36mTRANSACTION (6.8ms)[0m  [1m[35mCOMMIT /*application='Vibes'*/[0m
[dotenv] Set [36mVIBES_DATABASE_PASSWORD[0m, [36mDATABASE_URL[0m, [36mSENDGRID_FROM_EMAIL[0m, [36mSENDGRID_API_KEY[0m, [36mTWILIO_ACCOUNT_SID[0m, [36mTWILIO_AUTH_TOKEN[0m, [36mTWILIO_PHONE_NUMBER[0m, [36mTWILIO_MESSAGING_SERVICE_SID[0m, [36mSTRIPE_SECRET_KEY[0m, [36mSTRIPE_WEBHOOK_SECRET[0m, [36mGOOGLE_APPLICATION_CREDENTIALS[0m, [36mSECRET_KEY_BASE[0m, [36mRAILS_LOG_TO_STDOUT[0m, [36mRAILS_SERVE_STATIC_FILES[0m, [36mRAILS_MAX_THREADS[0m, [36mWEB_CONCURRENCY[0m, [36mPORT[0m
[dotenv] Loaded [33m.env[0m
[dotenv] Loaded [33m.env[0m
  [1m[36mVenue Load (1.4ms)[0m  [1m[34mSELECT "venues".* FROM "venues" ORDER BY "venues"."id" DESC LIMIT 1 /*application='Vibes'*/[0m
  [1m[36mUser Load (1.4ms)[0m  [1m[34mSELECT "users".* FROM "users" WHERE "users"."id" = '09cd8e58-e92d-482b-ac25-fe6a1aff0ea9' LIMIT 1 /*application='Vibes'*/[0m
  [1m[36mVenuePrPartnership Load (1.7ms)[0m  [1m[34mSELECT "venue_pr_partnerships".* FROM "venue_pr_partnerships" WHERE "venue_pr_partnerships"."venue_id" = 'ff224ce7-2210-464a-89c8-6efa045cef87' AND "venue_pr_partnerships"."status" = 'active' /*application='Vibes'*/[0m
  [1m[36mVenueStaff Load (1.0ms)[0m  [1m[34mSELECT "venue_staff".* FROM "venue_staff" WHERE "venue_staff"."venue_id" = 'ff224ce7-2210-464a-89c8-6efa045cef87' AND "venue_staff"."status" = 'active' AND "venue_staff"."role" = 'manager' /*application='Vibes'*/[0m
  [1m[36mUser Load (1.9ms)[0m  [1m[34mSELECT "users".* FROM "users" WHERE "users"."id" = '09cd8e58-e92d-482b-ac25-fe6a1aff0ea9' LIMIT 1 /*application='Vibes'*/[0m
  [1m[36mDevice Load (1.7ms)[0m  [1m[34mSELECT "devices".* FROM "devices" WHERE "devices"."user_id" = '09cd8e58-e92d-482b-ac25-fe6a1aff0ea9' /* loading for pp */ LIMIT 11 /*application='Vibes'*/[0m
  [1m[36mNotification Load (2.9ms)[0m  [1m[34mSELECT "notifications".* FROM "notifications" ORDER BY "notifications"."id" DESC LIMIT 1 /*application='Vibes'*/[0m
  [1m[36mUser Load (1.1ms)[0m  [1m[34mSELECT "users".* FROM "users" WHERE "users"."id" = 'c85595f2-3cd2-4415-a836-2b98f1de3ae7' LIMIT 1 /*application='Vibes'*/[0m
  [1m[36mVenue Load (1.4ms)[0m  [1m[34mSELECT "venues".* FROM "venues" WHERE "venues"."owner_id" = 'c85595f2-3cd2-4415-a836-2b98f1de3ae7' /* loading for pp */ LIMIT 11 /*application='Vibes'*/[0m
  [1m[36mVenue Load (1.1ms)[0m  [1m[34mSELECT "venues".* FROM "venues" WHERE "venues"."owner_id" = 'c85595f2-3cd2-4415-a836-2b98f1de3ae7' /* loading for pp */ LIMIT 11 /*application='Vibes'*/[0m
  [1m[36mVenue Load (1.2ms)[0m  [1m[34mSELECT "venues".* FROM "venues" WHERE "venues"."owner_id" = 'c85595f2-3cd2-4415-a836-2b98f1de3ae7' ORDER BY "venues"."id" DESC LIMIT 1 /*application='Vibes'*/[0m
  [1m[36mUser Load (1.0ms)[0m  [1m[34mSELECT "users".* FROM "users" WHERE "users"."id" = 'c85595f2-3cd2-4415-a836-2b98f1de3ae7' LIMIT 1 /*application='Vibes'*/[0m
  [1m[36mVenuePrPartnership Load (1.3ms)[0m  [1m[34mSELECT "venue_pr_partnerships".* FROM "venue_pr_partnerships" WHERE "venue_pr_partnerships"."venue_id" = '3d75f4d8-dbae-43bd-bcd7-39276d36261a' AND "venue_pr_partnerships"."status" = 'active' /*application='Vibes'*/[0m
  [1m[36mUser Load (0.9ms)[0m  [1m[34mSELECT "users".* FROM "users" WHERE "users"."id" = '1bd5e3c4-6c23-4e95-8f4c-8ba3a82fdec9' /*application='Vibes'*/[0m
  [1m[36mVenueStaff Load (1.3ms)[0m  [1m[34mSELECT "venue_staff".* FROM "venue_staff" WHERE "venue_staff"."venue_id" = '3d75f4d8-dbae-43bd-bcd7-39276d36261a' AND "venue_staff"."status" = 'active' AND "venue_staff"."role" = 'manager' /*application='Vibes'*/[0m
  [1m[36mVenuePrPartnership Load (1.3ms)[0m  [1m[34mSELECT "venue_pr_partnerships".* FROM "venue_pr_partnerships" WHERE "venue_pr_partnerships"."venue_id" = '3d75f4d8-dbae-43bd-bcd7-39276d36261a' AND "venue_pr_partnerships"."status" = 'active' /*application='Vibes'*/[0m
  [1m[36mUser Load (0.7ms)[0m  [1m[34mSELECT "users".* FROM "users" WHERE "users"."id" = '1bd5e3c4-6c23-4e95-8f4c-8ba3a82fdec9' /*application='Vibes'*/[0m
  [1m[36mVenueStaff Load (0.8ms)[0m  [1m[34mSELECT "venue_staff".* FROM "venue_staff" WHERE "venue_staff"."venue_id" = '3d75f4d8-dbae-43bd-bcd7-39276d36261a' AND "venue_staff"."status" = 'active' AND "venue_staff"."role" = 'manager' /*application='Vibes'*/[0m
  [1m[36mNotification Load (1.3ms)[0m  [1m[34mSELECT "notifications".* FROM "notifications" ORDER BY "notifications"."id" DESC LIMIT 1 /*application='Vibes'*/[0m
  [1m[36mNotification Count (1.3ms)[0m  [1m[34mSELECT COUNT(*) FROM "notifications" WHERE "notifications"."user_id" = 'c85595f2-3cd2-4415-a836-2b98f1de3ae7' AND "notifications"."notification_type" = 'booking_request' /*application='Vibes'*/[0m
  [1m[36mNotification Load (0.9ms)[0m  [1m[34mSELECT "notifications".* FROM "notifications" WHERE "notifications"."user_id" = 'c85595f2-3cd2-4415-a836-2b98f1de3ae7' AND "notifications"."notification_type" = 'booking_request' ORDER BY "notifications"."id" DESC LIMIT 2 /*application='Vibes'*/[0m
  [1m[36mNotification Load (1.6ms)[0m  [1m[34mSELECT "notifications".* FROM "notifications" WHERE "notifications"."user_id" = 'c85595f2-3cd2-4415-a836-2b98f1de3ae7' AND "notifications"."notification_type" = 'booking_request' /*application='Vibes'*/[0m
  [1m[36mNotification Load (1.5ms)[0m  [1m[34mSELECT "notifications".* FROM "notifications" WHERE "notifications"."user_id" = 'c85595f2-3cd2-4415-a836-2b98f1de3ae7' AND "notifications"."notification_type" = 'booking_request' /*application='Vibes'*/[0m
  [1m[36mNotification Load (0.9ms)[0m  [1m[34mSELECT "notifications".* FROM "notifications" WHERE "notifications"."id" = 'cc660ed3-854a-45c7-b794-a84c501d9b5b' LIMIT 1 /*application='Vibes'*/[0m
  [1m[36mNotification Load (0.8ms)[0m  [1m[34mSELECT "notifications".* FROM "notifications" WHERE "notifications"."id" = 'fe7b580c-c32f-45c0-a723-b45f5c2e5f4b' LIMIT 1 /*application='Vibes'*/[0m
  [1m[36mChat Load (1.6ms)[0m  [1m[34mSELECT "chats".* FROM "chats" ORDER BY "chats"."id" DESC LIMIT 1 /*application='Vibes'*/[0m
  [1m[36mChat Load (2.3ms)[0m  [1m[34mSELECT "chats".* FROM "chats" WHERE "chats"."id" = 'e757466c-393f-425c-8a8d-853443175598' LIMIT 1 /*application='Vibes'*/[0m
  [1m[36mChatMessage Load (1.5ms)[0m  [1m[34mSELECT "chat_messages".* FROM "chat_messages" WHERE "chat_messages"."chat_id" = 'e757466c-393f-425c-8a8d-853443175598' /* loading for pp */ LIMIT 11 /*application='Vibes'*/[0m
  [1m[36mTRANSACTION (0.6ms)[0m  [1m[35mBEGIN /*application='Vibes'*/[0m
  [1m[36mUser Load (3.8ms)[0m  [1m[34mSELECT "users".* FROM "users" WHERE "users"."id" = '09cd8e58-e92d-482b-ac25-fe6a1aff0ea9' LIMIT 1 /*application='Vibes'*/[0m
  [1m[36mChatMessage Create (2.2ms)[0m  [1m[32mINSERT INTO "chat_messages" ("chat_id", "sender_id", "content", "message_type", "reply_to_id", "forwarded_from_id", "forwarded_from_type", "is_edited", "edited_at", "deleted_at", "is_read", "read_at", "created_at", "updated_at") VALUES ('e757466c-393f-425c-8a8d-853443175598', '09cd8e58-e92d-482b-ac25-fe6a1aff0ea9', 'hi Senthil', 'text', NULL, NULL, NULL, FALSE, NULL, NULL, FALSE, NULL, '2026-04-21 11:42:01.502431', '2026-04-21 11:42:01.502431') RETURNING "id" /*application='Vibes'*/[0m
  [1m[36mChat Update (1.2ms)[0m  [1m[33mUPDATE "chats" SET "last_message_at" = '2026-04-21 11:42:01.502431' WHERE "chats"."id" = 'e757466c-393f-425c-8a8d-853443175598' /*application='Vibes'*/[0m
  [1m[36mTRANSACTION (5.1ms)[0m  [1m[35mCOMMIT /*application='Vibes'*/[0m
  [1m[36mUser Load (4.0ms)[0m  [1m[34mSELECT "users".* FROM "users" WHERE "users"."id" = '09cd8e58-e92d-482b-ac25-fe6a1aff0ea9' LIMIT 1 /*application='Vibes'*/[0m
  [1m[36mChat Load (1.1ms)[0m  [1m[34mSELECT "chats".* FROM "chats" WHERE "chats"."id" = '1f9eeb37-6f32-4dff-89cb-ebb56f007768' LIMIT 1 /*application='Vibes'*/[0m
[dotenv] Set [36mVIBES_DATABASE_PASSWORD[0m, [36mDATABASE_URL[0m, [36mSENDGRID_FROM_EMAIL[0m, [36mSENDGRID_API_KEY[0m, [36mTWILIO_ACCOUNT_SID[0m, [36mTWILIO_AUTH_TOKEN[0m, [36mTWILIO_PHONE_NUMBER[0m, [36mTWILIO_MESSAGING_SERVICE_SID[0m, [36mSTRIPE_SECRET_KEY[0m, [36mSTRIPE_WEBHOOK_SECRET[0m, [36mGOOGLE_APPLICATION_CREDENTIALS[0m, [36mSECRET_KEY_BASE[0m, [36mRAILS_LOG_TO_STDOUT[0m, [36mRAILS_SERVE_STATIC_FILES[0m, [36mRAILS_MAX_THREADS[0m, [36mWEB_CONCURRENCY[0m, [36mPORT[0m
[dotenv] Loaded [33m.env[0m
[dotenv] Loaded [33m.env[0m
  [1m[36mUser Load (1.7ms)[0m  [1m[34mSELECT "users".* FROM "users" WHERE "users"."phone" = '918607173140' LIMIT 1 /*application='Vibes'*/[0m
  [1m[36mUser Load (0.9ms)[0m  [1m[34mSELECT "users".* FROM "users" WHERE "users"."phone" = '918607173174' LIMIT 1 /*application='Vibes'*/[0m
  [1m[36mUser Load (0.8ms)[0m  [1m[34mSELECT "users".* FROM "users" WHERE "users"."phone" = '918607173170' LIMIT 1 /*application='Vibes'*/[0m
  [1m[36mDevice Load (1.3ms)[0m  [1m[34mSELECT "devices".* FROM "devices" WHERE "devices"."user_id" = '6ba889bd-9e0b-4e24-a35d-8e1b5af29bea' /* loading for pp */ LIMIT 11 /*application='Vibes'*/[0m
  [1m[36mDevice Load (1.1ms)[0m  [1m[34mSELECT "devices".* FROM "devices" WHERE "devices"."user_id" = '6ba889bd-9e0b-4e24-a35d-8e1b5af29bea' /*application='Vibes'*/[0m
  [1m[36mDevice Load (1.3ms)[0m  [1m[34mSELECT "devices".* FROM "devices" WHERE "devices"."user_id" = 'c85595f2-3cd2-4415-a836-2b98f1de3ae7' /*application='Vibes'*/[0m
  [1m[36mDevice Count (0.8ms)[0m  [1m[34mSELECT COUNT(*) FROM "devices" WHERE "devices"."user_id" = '6ba889bd-9e0b-4e24-a35d-8e1b5af29bea' /*application='Vibes'*/[0m
  [1m[36mTRANSACTION (0.4ms)[0m  [1m[35mBEGIN /*application='Vibes'*/[0m
  [1m[36mDevice Destroy (1.9ms)[0m  [1m[31mDELETE FROM "devices" WHERE "devices"."id" = '87dc015c-2f3b-44c8-b113-93baf3a5aacf' /*application='Vibes'*/[0m
  [1m[36mTRANSACTION (3.6ms)[0m  [1m[35mCOMMIT /*application='Vibes'*/[0m
  [1m[36mTRANSACTION (0.3ms)[0m  [1m[35mBEGIN /*application='Vibes'*/[0m
  [1m[36mDevice Destroy (1.2ms)[0m  [1m[31mDELETE FROM "devices" WHERE "devices"."id" = '4976e403-8090-4a4e-8f87-61f1352f93ed' /*application='Vibes'*/[0m
  [1m[36mTRANSACTION (1.9ms)[0m  [1m[35mCOMMIT /*application='Vibes'*/[0m
  [1m[36mTRANSACTION (0.2ms)[0m  [1m[35mBEGIN /*application='Vibes'*/[0m
  [1m[36mDevice Destroy (1.1ms)[0m  [1m[31mDELETE FROM "devices" WHERE "devices"."id" = 'f8959a14-95d9-4322-a332-9907006e8820' /*application='Vibes'*/[0m
  [1m[36mTRANSACTION (1.9ms)[0m  [1m[35mCOMMIT /*application='Vibes'*/[0m
  [1m[36mTRANSACTION (0.2ms)[0m  [1m[35mBEGIN /*application='Vibes'*/[0m
  [1m[36mDevice Destroy (1.1ms)[0m  [1m[31mDELETE FROM "devices" WHERE "devices"."id" = '5c1d4d6c-3e60-4b67-9fef-7228709d6d8d' /*application='Vibes'*/[0m
  [1m[36mTRANSACTION (1.9ms)[0m  [1m[35mCOMMIT /*application='Vibes'*/[0m
  [1m[36mTRANSACTION (0.3ms)[0m  [1m[35mBEGIN /*application='Vibes'*/[0m
  [1m[36mDevice Destroy (1.4ms)[0m  [1m[31mDELETE FROM "devices" WHERE "devices"."id" = 'bacef4f1-8663-48da-8755-3d8304071e09' /*application='Vibes'*/[0m
  [1m[36mTRANSACTION (1.6ms)[0m  [1m[35mCOMMIT /*application='Vibes'*/[0m
  [1m[36mTRANSACTION (0.3ms)[0m  [1m[35mBEGIN /*application='Vibes'*/[0m
  [1m[36mDevice Destroy (1.3ms)[0m  [1m[31mDELETE FROM "devices" WHERE "devices"."id" = '1c60d9df-9b00-4b47-9188-24c1d2e566bc' /*application='Vibes'*/[0m
  [1m[36mTRANSACTION (1.8ms)[0m  [1m[35mCOMMIT /*application='Vibes'*/[0m
  [1m[36mTRANSACTION (0.2ms)[0m  [1m[35mBEGIN /*application='Vibes'*/[0m
  [1m[36mDevice Destroy (1.0ms)[0m  [1m[31mDELETE FROM "devices" WHERE "devices"."id" = 'ed517e8c-8dd1-4b23-8334-d3c7110b3a91' /*application='Vibes'*/[0m
  [1m[36mTRANSACTION (1.6ms)[0m  [1m[35mCOMMIT /*application='Vibes'*/[0m
  [1m[36mUser Load (1.1ms)[0m  [1m[34mSELECT "users".* FROM "users" WHERE "users"."id" = '6ba889bd-9e0b-4e24-a35d-8e1b5af29bea' LIMIT 1 /*application='Vibes'*/[0m
  [1m[36mDevice Load (1.6ms)[0m  [1m[34mSELECT "devices".* FROM "devices" WHERE "devices"."user_id" = '6ba889bd-9e0b-4e24-a35d-8e1b5af29bea' /* loading for pp */ LIMIT 11 /*application='Vibes'*/[0m
  [1m[36mTRANSACTION (0.4ms)[0m  [1m[35mBEGIN /*application='Vibes'*/[0m
  [1m[36mDevice Exists? (1.4ms)[0m  [1m[34mSELECT 1 AS one FROM "devices" WHERE "devices"."device_uuid" IS NULL AND "devices"."user_id" = '6ba889bd-9e0b-4e24-a35d-8e1b5af29bea' LIMIT 1 /*application='Vibes'*/[0m
  [1m[36mDevice Exists? (0.3ms)[0m  [1m[34mSELECT 1 AS one FROM "devices" WHERE "devices"."token_hash" IS NULL LIMIT 1 /*application='Vibes'*/[0m
  [1m[36mTRANSACTION (0.3ms)[0m  [1m[31mROLLBACK /*application='Vibes'*/[0m
  [1m[36mTRANSACTION (0.5ms)[0m  [1m[35mBEGIN /*application='Vibes'*/[0m
  [1m[36mDevice Exists? (2.0ms)[0m  [1m[34mSELECT 1 AS one FROM "devices" WHERE "devices"."device_uuid" IS NULL AND "devices"."user_id" = '6ba889bd-9e0b-4e24-a35d-8e1b5af29bea' LIMIT 1 /*application='Vibes'*/[0m
  [1m[36mDevice Exists? (0.5ms)[0m  [1m[34mSELECT 1 AS one FROM "devices" WHERE "devices"."token_hash" IS NULL LIMIT 1 /*application='Vibes'*/[0m
  [1m[36mTRANSACTION (0.2ms)[0m  [1m[31mROLLBACK /*application='Vibes'*/[0m
  [1m[36mDevice Count (1.3ms)[0m  [1m[34mSELECT COUNT(*) FROM "devices" WHERE "devices"."user_id" = 'c85595f2-3cd2-4415-a836-2b98f1de3ae7' /*application='Vibes'*/[0m
  [1m[36mTRANSACTION (0.4ms)[0m  [1m[35mBEGIN /*application='Vibes'*/[0m
  [1m[36mDevice Destroy (1.6ms)[0m  [1m[31mDELETE FROM "devices" WHERE "devices"."id" = '0b3257a4-d8bf-47cd-97fe-bc3498d03bda' /*application='Vibes'*/[0m
  [1m[36mTRANSACTION (3.0ms)[0m  [1m[35mCOMMIT /*application='Vibes'*/[0m
  [1m[36mTRANSACTION (0.4ms)[0m  [1m[35mBEGIN /*application='Vibes'*/[0m
  [1m[36mDevice Destroy (1.2ms)[0m  [1m[31mDELETE FROM "devices" WHERE "devices"."id" = '51cb66d6-bf87-49e1-b263-2ddfdb0ee961' /*application='Vibes'*/[0m
  [1m[36mTRANSACTION (2.0ms)[0m  [1m[35mCOMMIT /*application='Vibes'*/[0m
  [1m[36mTRANSACTION (0.2ms)[0m  [1m[35mBEGIN /*application='Vibes'*/[0m
  [1m[36mDevice Destroy (1.0ms)[0m  [1m[31mDELETE FROM "devices" WHERE "devices"."id" = 'fbfaa96d-7839-44b8-b689-a04eabb18a9d' /*application='Vibes'*/[0m
  [1m[36mTRANSACTION (1.5ms)[0m  [1m[35mCOMMIT /*application='Vibes'*/[0m
  [1m[36mTRANSACTION (0.2ms)[0m  [1m[35mBEGIN /*application='Vibes'*/[0m
  [1m[36mDevice Destroy (1.0ms)[0m  [1m[31mDELETE FROM "devices" WHERE "devices"."id" = '987eb3ed-d8d4-4e81-abf0-8a0ef3a0c3f7' /*application='Vibes'*/[0m
  [1m[36mTRANSACTION (1.7ms)[0m  [1m[35mCOMMIT /*application='Vibes'*/[0m
  [1m[36mTRANSACTION (0.2ms)[0m  [1m[35mBEGIN /*application='Vibes'*/[0m
  [1m[36mDevice Destroy (1.0ms)[0m  [1m[31mDELETE FROM "devices" WHERE "devices"."id" = 'b67a94c4-2797-495e-891c-eeb8da882083' /*application='Vibes'*/[0m
  [1m[36mTRANSACTION (1.4ms)[0m  [1m[35mCOMMIT /*application='Vibes'*/[0m
  [1m[36mTRANSACTION (0.2ms)[0m  [1m[35mBEGIN /*application='Vibes'*/[0m
  [1m[36mDevice Destroy (0.9ms)[0m  [1m[31mDELETE FROM "devices" WHERE "devices"."id" = '3b6549e3-935b-4c44-b036-019b17e59738' /*application='Vibes'*/[0m
  [1m[36mTRANSACTION (1.5ms)[0m  [1m[35mCOMMIT /*application='Vibes'*/[0m
  [1m[36mTRANSACTION (0.2ms)[0m  [1m[35mBEGIN /*application='Vibes'*/[0m
  [1m[36mDevice Destroy (1.0ms)[0m  [1m[31mDELETE FROM "devices" WHERE "devices"."id" = '3a27511d-76d0-4c20-8b15-4d5276f84dcc' /*application='Vibes'*/[0m
  [1m[36mTRANSACTION (1.5ms)[0m  [1m[35mCOMMIT /*application='Vibes'*/[0m
  [1m[36mTRANSACTION (0.2ms)[0m  [1m[35mBEGIN /*application='Vibes'*/[0m
  [1m[36mDevice Destroy (1.1ms)[0m  [1m[31mDELETE FROM "devices" WHERE "devices"."id" = 'ca14c1c2-ffbe-4f7e-b8d8-4b8acbfc70a8' /*application='Vibes'*/[0m
  [1m[36mTRANSACTION (1.6ms)[0m  [1m[35mCOMMIT /*application='Vibes'*/[0m
  [1m[36mTRANSACTION (0.3ms)[0m  [1m[35mBEGIN /*application='Vibes'*/[0m
  [1m[36mDevice Destroy (1.2ms)[0m  [1m[31mDELETE FROM "devices" WHERE "devices"."id" = 'd343b562-70e6-4728-9017-b1b079564119' /*application='Vibes'*/[0m
  [1m[36mTRANSACTION (1.6ms)[0m  [1m[35mCOMMIT /*application='Vibes'*/[0m
  [1m[36mTRANSACTION (0.3ms)[0m  [1m[35mBEGIN /*application='Vibes'*/[0m
  [1m[36mDevice Destroy (1.1ms)[0m  [1m[31mDELETE FROM "devices" WHERE "devices"."id" = '52c109cb-5404-48fd-8f0c-dcf39c7ba540' /*application='Vibes'*/[0m
  [1m[36mTRANSACTION (1.7ms)[0m  [1m[35mCOMMIT /*application='Vibes'*/[0m
  [1m[36mTRANSACTION (0.3ms)[0m  [1m[35mBEGIN /*application='Vibes'*/[0m
  [1m[36mDevice Destroy (1.1ms)[0m  [1m[31mDELETE FROM "devices" WHERE "devices"."id" = 'ade8884c-4812-4ec5-be92-f55522db58a2' /*application='Vibes'*/[0m
  [1m[36mTRANSACTION (1.5ms)[0m  [1m[35mCOMMIT /*application='Vibes'*/[0m
  [1m[36mTRANSACTION (0.3ms)[0m  [1m[35mBEGIN /*application='Vibes'*/[0m
  [1m[36mDevice Destroy (1.1ms)[0m  [1m[31mDELETE FROM "devices" WHERE "devices"."id" = 'cfbe13cf-efcb-4c7d-8171-aac948487362' /*application='Vibes'*/[0m
  [1m[36mTRANSACTION (1.6ms)[0m  [1m[35mCOMMIT /*application='Vibes'*/[0m
  [1m[36mUser Load (1.1ms)[0m  [1m[34mSELECT "users".* FROM "users" WHERE "users"."id" = 'c85595f2-3cd2-4415-a836-2b98f1de3ae7' LIMIT 1 /*application='Vibes'*/[0m
  [1m[36mDevice Count (1.4ms)[0m  [1m[34mSELECT COUNT(*) FROM "devices" WHERE "devices"."user_id" = 'c85595f2-3cd2-4415-a836-2b98f1de3ae7' /*application='Vibes'*/[0m
  [1m[36mTRANSACTION (0.6ms)[0m  [1m[35mBEGIN /*application='Vibes'*/[0m
  [1m[36mDevice Exists? (2.1ms)[0m  [1m[34mSELECT 1 AS one FROM "devices" WHERE "devices"."device_uuid" = 'F87ACD5F-5ACC-4988-9C4D-68EDBF08B6EF' AND "devices"."user_id" = 'c85595f2-3cd2-4415-a836-2b98f1de3ae7' LIMIT 1 /*application='Vibes'*/[0m
  [1m[36mDevice Exists? (0.4ms)[0m  [1m[34mSELECT 1 AS one FROM "devices" WHERE "devices"."token_hash" IS NULL LIMIT 1 /*application='Vibes'*/[0m
  [1m[36mTRANSACTION (0.4ms)[0m  [1m[31mROLLBACK /*application='Vibes'*/[0m
  [1m[36mTRANSACTION (0.7ms)[0m  [1m[35mBEGIN /*application='Vibes'*/[0m
  [1m[36mDevice Exists? (2.1ms)[0m  [1m[34mSELECT 1 AS one FROM "devices" WHERE "devices"."device_uuid" = 'F87ACD5F-5ACC-4988-9C4D-68EDBF08B6EF' AND "devices"."user_id" = 'c85595f2-3cd2-4415-a836-2b98f1de3ae7' LIMIT 1 /*application='Vibes'*/[0m
  [1m[36mDevice Exists? (0.5ms)[0m  [1m[34mSELECT 1 AS one FROM "devices" WHERE "devices"."token_hash" = 'jkghfdrfcg' LIMIT 1 /*application='Vibes'*/[0m
  [1m[36mDevice Create (1.1ms)[0m  [1m[32mINSERT INTO "devices" ("user_id", "device_uuid", "device_name", "device_type", "platform", "platform_version", "app_version", "biometric_enabled", "last_used_at", "token_hash", "status", "created_at", "updated_at", "pin_hash", "fcm_token") VALUES ('c85595f2-3cd2-4415-a836-2b98f1de3ae7', 'F87ACD5F-5ACC-4988-9C4D-68EDBF08B6EF', 'iPhone', 'iPhone11,2', 'ios', '18.7.4', '1.0.0', FALSE, NULL, 'jkghfdrfcg', 'active', '2026-04-29 10:38:58.053627', '2026-04-29 10:38:58.053627', NULL, 'eyJhbGciOiJIUzI1NiJ9.eyJ1c2VyX2lkIjoiYzg1NTk1ZjItM2NkMi00NDE1LWE4MzYtMmI5OGYxZGUzYWU3IiwiZXhwIjoxNzg1MDQyNDYwfQ.Bb4Th5iVeKs_-JTYgtxR97Cbudv0IbCsgmM9QtcQLMo') RETURNING "id" /*application='Vibes'*/[0m
  [1m[36mTRANSACTION (2.4ms)[0m  [1m[35mCOMMIT /*application='Vibes'*/[0m
  [1m[36mDevice Load (1.4ms)[0m  [1m[34mSELECT "devices".* FROM "devices" WHERE "devices"."user_id" = '6ba889bd-9e0b-4e24-a35d-8e1b5af29bea' /*application='Vibes'*/[0m
  [1m[36mUser Load (1.2ms)[0m  [1m[34mSELECT "users".* FROM "users" WHERE "users"."id" = '6ba889bd-9e0b-4e24-a35d-8e1b5af29bea' LIMIT 1 /*application='Vibes'*/[0m
  [1m[36mDevice Load (1.4ms)[0m  [1m[34mSELECT "devices".* FROM "devices" WHERE "devices"."user_id" = '6ba889bd-9e0b-4e24-a35d-8e1b5af29bea' /* loading for pp */ LIMIT 11 /*application='Vibes'*/[0m
  [1m[36mDevice Load (1.3ms)[0m  [1m[34mSELECT "devices".* FROM "devices" WHERE "devices"."user_id" = '6ba889bd-9e0b-4e24-a35d-8e1b5af29bea' ORDER BY "devices"."id" ASC LIMIT 1 /*application='Vibes'*/[0m
  [1m[36mDevice Load (1.0ms)[0m  [1m[34mSELECT "devices".* FROM "devices" WHERE "devices"."user_id" = '6ba889bd-9e0b-4e24-a35d-8e1b5af29bea' /* loading for pp */ LIMIT 11 /*application='Vibes'*/[0m
  [1m[36mUser Load (0.8ms)[0m  [1m[34mSELECT "users".* FROM "users" WHERE "users"."id" = 'c85595f2-3cd2-4415-a836-2b98f1de3ae7' LIMIT 1 /*application='Vibes'*/[0m
  [1m[36mDevice Load (0.9ms)[0m  [1m[34mSELECT "devices".* FROM "devices" WHERE "devices"."user_id" = 'c85595f2-3cd2-4415-a836-2b98f1de3ae7' /*application='Vibes'*/[0m
  [1m[36mDevice Load (1.3ms)[0m  [1m[34mSELECT "devices".* FROM "devices" WHERE "devices"."user_id" = '6ba889bd-9e0b-4e24-a35d-8e1b5af29bea' /*application='Vibes'*/[0m
  [1m[36mUser Load (2.8ms)[0m  [1m[34mSELECT "users".* FROM "users" WHERE "users"."id" = 'c85595f2-3cd2-4415-a836-2b98f1de3ae7' LIMIT 1 /*application='Vibes'*/[0m
  [1m[36mDevice Load (1.6ms)[0m  [1m[34mSELECT "devices".* FROM "devices" WHERE "devices"."user_id" = 'c85595f2-3cd2-4415-a836-2b98f1de3ae7' /*application='Vibes'*/[0m
  [1m[36mTRANSACTION (0.4ms)[0m  [1m[35mBEGIN /*application='Vibes'*/[0m
  [1m[36mDevice Destroy (1.6ms)[0m  [1m[31mDELETE FROM "devices" WHERE "devices"."id" = '264fb3c7-6942-404a-b2c7-2b54936b094c' /*application='Vibes'*/[0m
  [1m[36mTRANSACTION (3.4ms)[0m  [1m[35mCOMMIT /*application='Vibes'*/[0m
  [1m[36mUser Load (1.1ms)[0m  [1m[34mSELECT "users".* FROM "users" WHERE "users"."id" = 'c85595f2-3cd2-4415-a836-2b98f1de3ae7' LIMIT 1 /*application='Vibes'*/[0m
  [1m[36mDevice Load (0.9ms)[0m  [1m[34mSELECT "devices".* FROM "devices" WHERE "devices"."user_id" = 'c85595f2-3cd2-4415-a836-2b98f1de3ae7' /*application='Vibes'*/[0m
[dotenv] Set [36mVIBES_DATABASE_PASSWORD[0m, [36mDATABASE_URL[0m, [36mSENDGRID_FROM_EMAIL[0m, [36mSENDGRID_API_KEY[0m, [36mTWILIO_ACCOUNT_SID[0m, [36mTWILIO_AUTH_TOKEN[0m, [36mTWILIO_PHONE_NUMBER[0m, [36mTWILIO_MESSAGING_SERVICE_SID[0m, [36mSTRIPE_SECRET_KEY[0m, [36mSTRIPE_WEBHOOK_SECRET[0m, [36mGOOGLE_APPLICATION_CREDENTIALS[0m, [36mSECRET_KEY_BASE[0m, [36mRAILS_LOG_TO_STDOUT[0m, [36mRAILS_SERVE_STATIC_FILES[0m, [36mRAILS_MAX_THREADS[0m, [36mWEB_CONCURRENCY[0m, [36mPORT[0m
[dotenv] Loaded [33m.env[0m
[dotenv] Loaded [33m.env[0m
  [1m[36mBooking Load (3.1ms)[0m  [1m[34mSELECT "bookings".* FROM "bookings" ORDER BY "bookings"."id" DESC LIMIT 1 /*application='Vibes'*/[0m
  [1m[36mEvent Load (2.1ms)[0m  [1m[34mSELECT "events".* FROM "events" WHERE "events"."id" = '665964e6-5ec0-423b-bf37-24c8060dadc3' LIMIT 1 /*application='Vibes'*/[0m
  [1m[36mBooking Load (2.2ms)[0m  [1m[34mSELECT "bookings".* FROM "bookings" ORDER BY created_at DESC LIMIT 1 /*application='Vibes'*/[0m
  [1m[36mEvent Load (1.1ms)[0m  [1m[34mSELECT "events".* FROM "events" WHERE "events"."id" = '4a7fe393-342b-4fd1-ab54-b74d5d5bebf9' LIMIT 1 /*application='Vibes'*/[0m
  [1m[36mTRANSACTION (0.4ms)[0m  [1m[35mBEGIN /*application='Vibes'*/[0m
  [1m[36mPaymentTransaction Update All (1.3ms)[0m  [1m[33mUPDATE "payment_transactions" SET "reference_id" = NULL, "reference_type" = NULL WHERE "payment_transactions"."reference_id" = '70cc947f-0452-470f-9924-84268a363653' AND "payment_transactions"."reference_type" = 'Booking' /*application='Vibes'*/[0m
  [1m[36mVibeCheck Load (1.2ms)[0m  [1m[34mSELECT "vibe_checks".* FROM "vibe_checks" WHERE "vibe_checks"."booking_id" = '70cc947f-0452-470f-9924-84268a363653' LIMIT 1 /*application='Vibes'*/[0m
  [1m[36mFoodBarOrder Update All (0.8ms)[0m  [1m[33mUPDATE "food_bar_orders" SET "booking_id" = NULL WHERE "food_bar_orders"."booking_id" = '70cc947f-0452-470f-9924-84268a363653' /*application='Vibes'*/[0m
  [1m[36mBookingTicketLine Load (0.8ms)[0m  [1m[34mSELECT "booking_ticket_lines".* FROM "booking_ticket_lines" WHERE "booking_ticket_lines"."booking_id" = '70cc947f-0452-470f-9924-84268a363653' /*application='Vibes'*/[0m
  [1m[36mTicketEntitlement Load (1.1ms)[0m  [1m[34mSELECT "ticket_entitlements".* FROM "ticket_entitlements" WHERE "ticket_entitlements"."booking_id" = '70cc947f-0452-470f-9924-84268a363653' /*application='Vibes'*/[0m
  [1m[36mBooking Destroy (67.0ms)[0m  [1m[31mDELETE FROM "bookings" WHERE "bookings"."id" = '70cc947f-0452-470f-9924-84268a363653' /*application='Vibes'*/[0m
  [1m[36mTRANSACTION (5.4ms)[0m  [1m[35mCOMMIT /*application='Vibes'*/[0m
[dotenv] Set [36mVIBES_DATABASE_PASSWORD[0m, [36mDATABASE_URL[0m, [36mSENDGRID_FROM_EMAIL[0m, [36mSENDGRID_API_KEY[0m, [36mTWILIO_ACCOUNT_SID[0m, [36mTWILIO_AUTH_TOKEN[0m, [36mTWILIO_PHONE_NUMBER[0m, [36mTWILIO_MESSAGING_SERVICE_SID[0m, [36mSTRIPE_SECRET_KEY[0m, [36mSTRIPE_WEBHOOK_SECRET[0m, [36mGOOGLE_APPLICATION_CREDENTIALS[0m, [36mSECRET_KEY_BASE[0m, [36mRAILS_LOG_TO_STDOUT[0m, [36mRAILS_SERVE_STATIC_FILES[0m, [36mRAILS_MAX_THREADS[0m, [36mWEB_CONCURRENCY[0m, [36mPORT[0m
[dotenv] Loaded [33m.env[0m
[dotenv] Loaded [33m.env[0m
  [1m[36mChat Load (1.3ms)[0m  [1m[34mSELECT "chats".* FROM "chats" WHERE "chats"."id" = 'ab6ed8b1-79d4-4254-8809-dbfcc5a4f45e' LIMIT 1 /*application='Vibes'*/[0m
  [1m[36mChatMessage Load (1.4ms)[0m  [1m[34mSELECT "chat_messages".* FROM "chat_messages" WHERE "chat_messages"."chat_id" = 'ab6ed8b1-79d4-4254-8809-dbfcc5a4f45e' /* loading for pp */ LIMIT 11 /*application='Vibes'*/[0m
  [1m[36mChatMessage Load (1.0ms)[0m  [1m[34mSELECT "chat_messages".* FROM "chat_messages" WHERE "chat_messages"."chat_id" = 'ab6ed8b1-79d4-4254-8809-dbfcc5a4f45e' /* loading for pp */ LIMIT 11 /*application='Vibes'*/[0m
[dotenv] Set [36mVIBES_DATABASE_PASSWORD[0m, [36mDATABASE_URL[0m, [36mSENDGRID_FROM_EMAIL[0m, [36mSENDGRID_API_KEY[0m, [36mTWILIO_ACCOUNT_SID[0m, [36mTWILIO_AUTH_TOKEN[0m, [36mTWILIO_PHONE_NUMBER[0m, [36mTWILIO_MESSAGING_SERVICE_SID[0m, [36mSTRIPE_SECRET_KEY[0m, [36mSTRIPE_WEBHOOK_SECRET[0m, [36mGOOGLE_APPLICATION_CREDENTIALS[0m, [36mSECRET_KEY_BASE[0m, [36mRAILS_LOG_TO_STDOUT[0m, [36mRAILS_SERVE_STATIC_FILES[0m, [36mRAILS_MAX_THREADS[0m, [36mWEB_CONCURRENCY[0m, [36mPORT[0m
[dotenv] Loaded [33m.env[0m
[dotenv] Loaded [33m.env[0m
  [1m[36mEvent Count (5.3ms)[0m  [1m[34mSELECT COUNT(*) FROM "events" WHERE "events"."name" = 'test accept' /*application='Vibes'*/[0m
  [1m[36mEvent Count (1.1ms)[0m  [1m[34mSELECT COUNT(*) FROM "events" WHERE "events"."event_name" = 'test accept' /*application='Vibes'*/[0m
  [1m[36mEvent Load (2.7ms)[0m  [1m[34mSELECT "events".* FROM "events" ORDER BY "events"."id" DESC LIMIT 1 /*application='Vibes'*/[0m
  [1m[36mEvent Count (2.2ms)[0m  [1m[34mSELECT COUNT(*) FROM "events" WHERE "events"."title" = 'test accept' /*application='Vibes'*/[0m
  [1m[36mEvent Load (2.5ms)[0m  [1m[34mSELECT "events".* FROM "events" WHERE "events"."title" = 'test accept' ORDER BY "events"."id" DESC LIMIT 1 /*application='Vibes'*/[0m
  [1m[36mBooking Count (1.5ms)[0m  [1m[34mSELECT COUNT(*) FROM "bookings" WHERE "bookings"."event_id" = '22b154b9-fa6b-41e6-b011-81af2aee84e2' /*application='Vibes'*/[0m
  [1m[36mBooking Load (1.3ms)[0m  [1m[34mSELECT "bookings".* FROM "bookings" WHERE "bookings"."event_id" = '22b154b9-fa6b-41e6-b011-81af2aee84e2' ORDER BY "bookings"."id" DESC LIMIT 1 /*application='Vibes'*/[0m
[dotenv] Set [36mVIBES_DATABASE_PASSWORD[0m, [36mDATABASE_URL[0m, [36mSENDGRID_FROM_EMAIL[0m, [36mSENDGRID_API_KEY[0m, [36mTWILIO_ACCOUNT_SID[0m, [36mTWILIO_AUTH_TOKEN[0m, [36mTWILIO_PHONE_NUMBER[0m, [36mTWILIO_MESSAGING_SERVICE_SID[0m, [36mSTRIPE_SECRET_KEY[0m, [36mSTRIPE_WEBHOOK_SECRET[0m, [36mGOOGLE_APPLICATION_CREDENTIALS[0m, [36mSECRET_KEY_BASE[0m, [36mRAILS_LOG_TO_STDOUT[0m, [36mRAILS_SERVE_STATIC_FILES[0m, [36mRAILS_MAX_THREADS[0m, [36mWEB_CONCURRENCY[0m, [36mPORT[0m
[dotenv] Loaded [33m.env[0m
[dotenv] Loaded [33m.env[0m
  [1m[36mEvent Load (2.3ms)[0m  [1m[34mSELECT "events".* FROM "events" WHERE "events"."title" = 'ssp may1' LIMIT 1 /*application='Vibes'*/[0m
  [1m[36mBooking Load (2.0ms)[0m  [1m[34mSELECT "bookings".* FROM "bookings" WHERE "bookings"."event_id" = '4a7fe393-342b-4fd1-ab54-b74d5d5bebf9' /* loading for pp */ LIMIT 11 /*application='Vibes'*/[0m
  [1m[36mBooking Load (1.1ms)[0m  [1m[34mSELECT "bookings".* FROM "bookings" WHERE "bookings"."event_id" = '4a7fe393-342b-4fd1-ab54-b74d5d5bebf9' /*application='Vibes'*/[0m
  [1m[36mTRANSACTION (0.3ms)[0m  [1m[35mBEGIN /*application='Vibes'*/[0m
  [1m[36mPaymentTransaction Update All (1.0ms)[0m  [1m[33mUPDATE "payment_transactions" SET "reference_id" = NULL, "reference_type" = NULL WHERE "payment_transactions"."reference_id" = '9b54ccb3-c268-47d8-ad93-8cfb8771634e' AND "payment_transactions"."reference_type" = 'Booking' /*application='Vibes'*/[0m
  [1m[36mVibeCheck Load (1.2ms)[0m  [1m[34mSELECT "vibe_checks".* FROM "vibe_checks" WHERE "vibe_checks"."booking_id" = '9b54ccb3-c268-47d8-ad93-8cfb8771634e' LIMIT 1 /*application='Vibes'*/[0m
  [1m[36mFoodBarOrder Update All (0.9ms)[0m  [1m[33mUPDATE "food_bar_orders" SET "booking_id" = NULL WHERE "food_bar_orders"."booking_id" = '9b54ccb3-c268-47d8-ad93-8cfb8771634e' /*application='Vibes'*/[0m
  [1m[36mBookingTicketLine Load (0.7ms)[0m  [1m[34mSELECT "booking_ticket_lines".* FROM "booking_ticket_lines" WHERE "booking_ticket_lines"."booking_id" = '9b54ccb3-c268-47d8-ad93-8cfb8771634e' /*application='Vibes'*/[0m
  [1m[36mTicketEntitlement Load (1.0ms)[0m  [1m[34mSELECT "ticket_entitlements".* FROM "ticket_entitlements" WHERE "ticket_entitlements"."booking_id" = '9b54ccb3-c268-47d8-ad93-8cfb8771634e' /*application='Vibes'*/[0m
  [1m[36mBooking Destroy (2.5ms)[0m  [1m[31mDELETE FROM "bookings" WHERE "bookings"."id" = '9b54ccb3-c268-47d8-ad93-8cfb8771634e' /*application='Vibes'*/[0m
  [1m[36mTRANSACTION (1.7ms)[0m  [1m[35mCOMMIT /*application='Vibes'*/[0m
  [1m[36mTRANSACTION (0.3ms)[0m  [1m[35mBEGIN /*application='Vibes'*/[0m
  [1m[36mPaymentTransaction Update All (1.2ms)[0m  [1m[33mUPDATE "payment_transactions" SET "reference_id" = NULL, "reference_type" = NULL WHERE "payment_transactions"."reference_id" = '2337031f-88f2-446b-aa1e-3cc98383dc45' AND "payment_transactions"."reference_type" = 'Booking' /*application='Vibes'*/[0m
  [1m[36mVibeCheck Load (0.5ms)[0m  [1m[34mSELECT "vibe_checks".* FROM "vibe_checks" WHERE "vibe_checks"."booking_id" = '2337031f-88f2-446b-aa1e-3cc98383dc45' LIMIT 1 /*application='Vibes'*/[0m
  [1m[36mFoodBarOrder Update All (0.5ms)[0m  [1m[33mUPDATE "food_bar_orders" SET "booking_id" = NULL WHERE "food_bar_orders"."booking_id" = '2337031f-88f2-446b-aa1e-3cc98383dc45' /*application='Vibes'*/[0m
  [1m[36mBookingTicketLine Load (0.5ms)[0m  [1m[34mSELECT "booking_ticket_lines".* FROM "booking_ticket_lines" WHERE "booking_ticket_lines"."booking_id" = '2337031f-88f2-446b-aa1e-3cc98383dc45' /*application='Vibes'*/[0m
  [1m[36mTicketEntitlement Load (0.4ms)[0m  [1m[34mSELECT "ticket_entitlements".* FROM "ticket_entitlements" WHERE "ticket_entitlements"."booking_id" = '2337031f-88f2-446b-aa1e-3cc98383dc45' /*application='Vibes'*/[0m
  [1m[36mBooking Destroy (0.9ms)[0m  [1m[31mDELETE FROM "bookings" WHERE "bookings"."id" = '2337031f-88f2-446b-aa1e-3cc98383dc45' /*application='Vibes'*/[0m
  [1m[36mTRANSACTION (1.5ms)[0m  [1m[35mCOMMIT /*application='Vibes'*/[0m
  [1m[36mTRANSACTION (0.2ms)[0m  [1m[35mBEGIN /*application='Vibes'*/[0m
  [1m[36mPaymentTransaction Update All (0.8ms)[0m  [1m[33mUPDATE "payment_transactions" SET "reference_id" = NULL, "reference_type" = NULL WHERE "payment_transactions"."reference_id" = '2d5ee793-2d37-4780-acb2-fb286bbf2657' AND "payment_transactions"."reference_type" = 'Booking' /*application='Vibes'*/[0m
  [1m[36mVibeCheck Load (0.3ms)[0m  [1m[34mSELECT "vibe_checks".* FROM "vibe_checks" WHERE "vibe_checks"."booking_id" = '2d5ee793-2d37-4780-acb2-fb286bbf2657' LIMIT 1 /*application='Vibes'*/[0m
  [1m[36mFoodBarOrder Update All (0.4ms)[0m  [1m[33mUPDATE "food_bar_orders" SET "booking_id" = NULL WHERE "food_bar_orders"."booking_id" = '2d5ee793-2d37-4780-acb2-fb286bbf2657' /*application='Vibes'*/[0m
  [1m[36mBookingTicketLine Load (0.3ms)[0m  [1m[34mSELECT "booking_ticket_lines".* FROM "booking_ticket_lines" WHERE "booking_ticket_lines"."booking_id" = '2d5ee793-2d37-4780-acb2-fb286bbf2657' /*application='Vibes'*/[0m
  [1m[36mTicketEntitlement Load (0.5ms)[0m  [1m[34mSELECT "ticket_entitlements".* FROM "ticket_entitlements" WHERE "ticket_entitlements"."booking_id" = '2d5ee793-2d37-4780-acb2-fb286bbf2657' /*application='Vibes'*/[0m
  [1m[36mBooking Destroy (1.1ms)[0m  [1m[31mDELETE FROM "bookings" WHERE "bookings"."id" = '2d5ee793-2d37-4780-acb2-fb286bbf2657' /*application='Vibes'*/[0m
  [1m[36mTRANSACTION (2.1ms)[0m  [1m[35mCOMMIT /*application='Vibes'*/[0m
  [1m[36mTRANSACTION (0.2ms)[0m  [1m[35mBEGIN /*application='Vibes'*/[0m
  [1m[36mPaymentTransaction Update All (1.7ms)[0m  [1m[33mUPDATE "payment_transactions" SET "reference_id" = NULL, "reference_type" = NULL WHERE "payment_transactions"."reference_id" = '47d99aca-d8b0-43b5-92bb-ebe254282ffc' AND "payment_transactions"."reference_type" = 'Booking' /*application='Vibes'*/[0m
  [1m[36mVibeCheck Load (0.6ms)[0m  [1m[34mSELECT "vibe_checks".* FROM "vibe_checks" WHERE "vibe_checks"."booking_id" = '47d99aca-d8b0-43b5-92bb-ebe254282ffc' LIMIT 1 /*application='Vibes'*/[0m
  [1m[36mFoodBarOrder Update All (0.5ms)[0m  [1m[33mUPDATE "food_bar_orders" SET "booking_id" = NULL WHERE "food_bar_orders"."booking_id" = '47d99aca-d8b0-43b5-92bb-ebe254282ffc' /*application='Vibes'*/[0m
  [1m[36mBookingTicketLine Load (0.5ms)[0m  [1m[34mSELECT "booking_ticket_lines".* FROM "booking_ticket_lines" WHERE "booking_ticket_lines"."booking_id" = '47d99aca-d8b0-43b5-92bb-ebe254282ffc' /*application='Vibes'*/[0m
  [1m[36mBookingTicketLine Destroy (0.7ms)[0m  [1m[31mDELETE FROM "booking_ticket_lines" WHERE "booking_ticket_lines"."id" = '23653dbe-b480-413b-b915-cfa7f23df9fb' /*application='Vibes'*/[0m
  [1m[36mTicketEntitlement Load (0.7ms)[0m  [1m[34mSELECT "ticket_entitlements".* FROM "ticket_entitlements" WHERE "ticket_entitlements"."booking_id" = '47d99aca-d8b0-43b5-92bb-ebe254282ffc' /*application='Vibes'*/[0m
  [1m[36mTicketEntitlement Destroy (0.6ms)[0m  [1m[31mDELETE FROM "ticket_entitlements" WHERE "ticket_entitlements"."id" = '0b8565c9-261e-4296-b7b6-b21af2af4686' /*application='Vibes'*/[0m
  [1m[36mTicketEntitlement Destroy (0.5ms)[0m  [1m[31mDELETE FROM "ticket_entitlements" WHERE "ticket_entitlements"."id" = '7eba239f-c7e9-4716-b8c9-fcad11967cad' /*application='Vibes'*/[0m
  [1m[36mBooking Destroy (0.9ms)[0m  [1m[31mDELETE FROM "bookings" WHERE "bookings"."id" = '47d99aca-d8b0-43b5-92bb-ebe254282ffc' /*application='Vibes'*/[0m
  [1m[36mTRANSACTION (2.6ms)[0m  [1m[35mCOMMIT /*application='Vibes'*/[0m
  [1m[36mTRANSACTION (0.3ms)[0m  [1m[35mBEGIN /*application='Vibes'*/[0m
  [1m[36mPaymentTransaction Update All (1.2ms)[0m  [1m[33mUPDATE "payment_transactions" SET "reference_id" = NULL, "reference_type" = NULL WHERE "payment_transactions"."reference_id" = 'df005d4a-3594-49ba-a158-faadddd906b8' AND "payment_transactions"."reference_type" = 'Booking' /*application='Vibes'*/[0m
  [1m[36mVibeCheck Load (0.6ms)[0m  [1m[34mSELECT "vibe_checks".* FROM "vibe_checks" WHERE "vibe_checks"."booking_id" = 'df005d4a-3594-49ba-a158-faadddd906b8' LIMIT 1 /*application='Vibes'*/[0m
  [1m[36mFoodBarOrder Update All (0.6ms)[0m  [1m[33mUPDATE "food_bar_orders" SET "booking_id" = NULL WHERE "food_bar_orders"."booking_id" = 'df005d4a-3594-49ba-a158-faadddd906b8' /*application='Vibes'*/[0m
  [1m[36mBookingTicketLine Load (0.5ms)[0m  [1m[34mSELECT "booking_ticket_lines".* FROM "booking_ticket_lines" WHERE "booking_ticket_lines"."booking_id" = 'df005d4a-3594-49ba-a158-faadddd906b8' /*application='Vibes'*/[0m
  [1m[36mBookingTicketLine Destroy (0.5ms)[0m  [1m[31mDELETE FROM "booking_ticket_lines" WHERE "booking_ticket_lines"."id" = 'c1370063-0324-4402-9597-eea2c2495191' /*application='Vibes'*/[0m
  [1m[36mTicketEntitlement Load (0.5ms)[0m  [1m[34mSELECT "ticket_entitlements".* FROM "ticket_entitlements" WHERE "ticket_entitlements"."booking_id" = 'df005d4a-3594-49ba-a158-faadddd906b8' /*application='Vibes'*/[0m
  [1m[36mTicketEntitlement Destroy (0.5ms)[0m  [1m[31mDELETE FROM "ticket_entitlements" WHERE "ticket_entitlements"."id" = 'c559c406-96b4-4aa0-9994-3245870b3b46' /*application='Vibes'*/[0m
  [1m[36mBooking Destroy (1.3ms)[0m  [1m[31mDELETE FROM "bookings" WHERE "bookings"."id" = 'df005d4a-3594-49ba-a158-faadddd906b8' /*application='Vibes'*/[0m
  [1m[36mTRANSACTION (1.9ms)[0m  [1m[35mCOMMIT /*application='Vibes'*/[0m
  [1m[36mTRANSACTION (0.6ms)[0m  [1m[35mBEGIN /*application='Vibes'*/[0m
  [1m[36mPaymentTransaction Update All (1.7ms)[0m  [1m[33mUPDATE "payment_transactions" SET "reference_id" = NULL, "reference_type" = NULL WHERE "payment_transactions"."reference_id" = '9b54ccb3-c268-47d8-ad93-8cfb8771634e' AND "payment_transactions"."reference_type" = 'Booking' /*application='Vibes'*/[0m
  [1m[36mFoodBarOrder Update All (0.7ms)[0m  [1m[33mUPDATE "food_bar_orders" SET "booking_id" = NULL WHERE "food_bar_orders"."booking_id" = '9b54ccb3-c268-47d8-ad93-8cfb8771634e' /*application='Vibes'*/[0m
  [1m[36mTRANSACTION (0.3ms)[0m  [1m[35mCOMMIT /*application='Vibes'*/[0m
  [1m[36mTRANSACTION (0.2ms)[0m  [1m[35mBEGIN /*application='Vibes'*/[0m
  [1m[36mPaymentTransaction Update All (1.0ms)[0m  [1m[33mUPDATE "payment_transactions" SET "reference_id" = NULL, "reference_type" = NULL WHERE "payment_transactions"."reference_id" = '2337031f-88f2-446b-aa1e-3cc98383dc45' AND "payment_transactions"."reference_type" = 'Booking' /*application='Vibes'*/[0m
  [1m[36mFoodBarOrder Update All (0.5ms)[0m  [1m[33mUPDATE "food_bar_orders" SET "booking_id" = NULL WHERE "food_bar_orders"."booking_id" = '2337031f-88f2-446b-aa1e-3cc98383dc45' /*application='Vibes'*/[0m
  [1m[36mTRANSACTION (0.2ms)[0m  [1m[35mCOMMIT /*application='Vibes'*/[0m
  [1m[36mTRANSACTION (0.2ms)[0m  [1m[35mBEGIN /*application='Vibes'*/[0m
  [1m[36mPaymentTransaction Update All (1.0ms)[0m  [1m[33mUPDATE "payment_transactions" SET "reference_id" = NULL, "reference_type" = NULL WHERE "payment_transactions"."reference_id" = '2d5ee793-2d37-4780-acb2-fb286bbf2657' AND "payment_transactions"."reference_type" = 'Booking' /*application='Vibes'*/[0m
  [1m[36mFoodBarOrder Update All (0.5ms)[0m  [1m[33mUPDATE "food_bar_orders" SET "booking_id" = NULL WHERE "food_bar_orders"."booking_id" = '2d5ee793-2d37-4780-acb2-fb286bbf2657' /*application='Vibes'*/[0m
  [1m[36mTRANSACTION (0.2ms)[0m  [1m[35mCOMMIT /*application='Vibes'*/[0m
  [1m[36mTRANSACTION (0.2ms)[0m  [1m[35mBEGIN /*application='Vibes'*/[0m
  [1m[36mPaymentTransaction Update All (1.1ms)[0m  [1m[33mUPDATE "payment_transactions" SET "reference_id" = NULL, "reference_type" = NULL WHERE "payment_transactions"."reference_id" = '47d99aca-d8b0-43b5-92bb-ebe254282ffc' AND "payment_transactions"."reference_type" = 'Booking' /*application='Vibes'*/[0m
  [1m[36mFoodBarOrder Update All (0.4ms)[0m  [1m[33mUPDATE "food_bar_orders" SET "booking_id" = NULL WHERE "food_bar_orders"."booking_id" = '47d99aca-d8b0-43b5-92bb-ebe254282ffc' /*application='Vibes'*/[0m
  [1m[36mTRANSACTION (0.5ms)[0m  [1m[35mCOMMIT /*application='Vibes'*/[0m
  [1m[36mTRANSACTION (0.3ms)[0m  [1m[35mBEGIN /*application='Vibes'*/[0m
  [1m[36mPaymentTransaction Update All (1.2ms)[0m  [1m[33mUPDATE "payment_transactions" SET "reference_id" = NULL, "reference_type" = NULL WHERE "payment_transactions"."reference_id" = 'df005d4a-3594-49ba-a158-faadddd906b8' AND "payment_transactions"."reference_type" = 'Booking' /*application='Vibes'*/[0m
  [1m[36mFoodBarOrder Update All (0.5ms)[0m  [1m[33mUPDATE "food_bar_orders" SET "booking_id" = NULL WHERE "food_bar_orders"."booking_id" = 'df005d4a-3594-49ba-a158-faadddd906b8' /*application='Vibes'*/[0m
  [1m[36mTRANSACTION (0.2ms)[0m  [1m[35mCOMMIT /*application='Vibes'*/[0m
  [1m[36mEvent Load (1.0ms)[0m  [1m[34mSELECT "events".* FROM "events" WHERE "events"."id" = '4a7fe393-342b-4fd1-ab54-b74d5d5bebf9' LIMIT 1 /*application='Vibes'*/[0m
  [1m[36mBooking Load (1.0ms)[0m  [1m[34mSELECT "bookings".* FROM "bookings" WHERE "bookings"."event_id" = '4a7fe393-342b-4fd1-ab54-b74d5d5bebf9' /*application='Vibes'*/[0m
  [1m[36mBooking Count (1.0ms)[0m  [1m[34mSELECT COUNT(*) FROM "bookings" WHERE "bookings"."event_id" = '4a7fe393-342b-4fd1-ab54-b74d5d5bebf9' /*application='Vibes'*/[0m
  [1m[36mEvent Load (1.0ms)[0m  [1m[34mSELECT "events".* FROM "events" WHERE "events"."id" = '4a7fe393-342b-4fd1-ab54-b74d5d5bebf9' LIMIT 1 /*application='Vibes'*/[0m
  [1m[36mBooking Load (1.2ms)[0m  [1m[34mSELECT "bookings".* FROM "bookings" WHERE "bookings"."event_id" = '4a7fe393-342b-4fd1-ab54-b74d5d5bebf9' ORDER BY "bookings"."id" DESC LIMIT 1 /*application='Vibes'*/[0m
  [1m[36mBooking Load (0.6ms)[0m  [1m[34mSELECT "bookings".* FROM "bookings" WHERE "bookings"."id" = 'bd72256d-ddbe-4a8e-aeb3-5977a88a0841' LIMIT 1 /*application='Vibes'*/[0m
  [1m[36mBooking Load (0.5ms)[0m  [1m[34mSELECT "bookings".* FROM "bookings" WHERE "bookings"."id" = 'bd72256d-ddbe-4a8e-aeb3-5977a88a0841' LIMIT 1 /*application='Vibes'*/[0m
  [1m[36mEvent Load (0.6ms)[0m  [1m[34mSELECT "events".* FROM "events" WHERE "events"."id" = '4a7fe393-342b-4fd1-ab54-b74d5d5bebf9' LIMIT 1 /*application='Vibes'*/[0m
  [1m[36mFoodBarOrder Sum (0.5ms)[0m  [1m[34mSELECT SUM("food_bar_orders"."total_amount") FROM "food_bar_orders" WHERE "food_bar_orders"."booking_id" = 'bd72256d-ddbe-4a8e-aeb3-5977a88a0841' /*application='Vibes'*/[0m
  [1m[36mEventTicketType Load (0.7ms)[0m  [1m[34mSELECT "event_ticket_types".* FROM "event_ticket_types" WHERE "event_ticket_types"."event_id" = '4a7fe393-342b-4fd1-ab54-b74d5d5bebf9' /*application='Vibes'*/[0m
  [1m[36mVenue Load (0.9ms)[0m  [1m[34mSELECT "venues".* FROM "venues" WHERE "venues"."id" = '6b12c191-ae6b-4f29-a53f-dd8ef69118fb' LIMIT 1 /*application='Vibes'*/[0m
[ActionCable] Broadcasting to booking_bd72256d-ddbe-4a8e-aeb3-5977a88a0841: {action: "status_updated", booking_id: "bd72256d-ddbe-4a8e-aeb3-5977a88a0841", booking: {id: "bd72256d-ddbe-4a8e-aeb3-5977a88a0841", status: "created", price: 500.0, total_price: 500.0, currency: "INR", payment_status: "pending", payment_type: nil, paid_amount: 0.0, remaining_amount: 500.0, payme...
  [1m[36mBooking Load (1.4ms)[0m  [1m[34mSELECT "bookings".* FROM "bookings" WHERE "bookings"."event_id" = '4a7fe393-342b-4fd1-ab54-b74d5d5bebf9' ORDER BY "bookings"."id" DESC LIMIT 1 /*application='Vibes'*/[0m
  [1m[36mBooking Load (1.0ms)[0m  [1m[34mSELECT "bookings".* FROM "bookings" WHERE "bookings"."id" = 'bd72256d-ddbe-4a8e-aeb3-5977a88a0841' LIMIT 1 /*application='Vibes'*/[0m
  [1m[36mBooking Load (1.4ms)[0m  [1m[34mSELECT "bookings".* FROM "bookings" WHERE "bookings"."id" = 'bd72256d-ddbe-4a8e-aeb3-5977a88a0841' LIMIT 1 /*application='Vibes'*/[0m
  [1m[36mEvent Load (3.3ms)[0m  [1m[34mSELECT "events".* FROM "events" WHERE "events"."id" = '4a7fe393-342b-4fd1-ab54-b74d5d5bebf9' LIMIT 1 /*application='Vibes'*/[0m
  [1m[36mFoodBarOrder Sum (0.9ms)[0m  [1m[34mSELECT SUM("food_bar_orders"."total_amount") FROM "food_bar_orders" WHERE "food_bar_orders"."booking_id" = 'bd72256d-ddbe-4a8e-aeb3-5977a88a0841' /*application='Vibes'*/[0m
  [1m[36mEventTicketType Load (0.8ms)[0m  [1m[34mSELECT "event_ticket_types".* FROM "event_ticket_types" WHERE "event_ticket_types"."event_id" = '4a7fe393-342b-4fd1-ab54-b74d5d5bebf9' /*application='Vibes'*/[0m
  [1m[36mVenue Load (0.9ms)[0m  [1m[34mSELECT "venues".* FROM "venues" WHERE "venues"."id" = '6b12c191-ae6b-4f29-a53f-dd8ef69118fb' LIMIT 1 /*application='Vibes'*/[0m
[ActionCable] Broadcasting to booking_bd72256d-ddbe-4a8e-aeb3-5977a88a0841: {action: "status_updated", booking_id: "bd72256d-ddbe-4a8e-aeb3-5977a88a0841", booking: {id: "bd72256d-ddbe-4a8e-aeb3-5977a88a0841", status: "created", price: 500.0, total_price: 500.0, currency: "INR", payment_status: "pending", payment_type: nil, paid_amount: 0.0, remaining_amount: 500.0, payme...
  [1m[36mBooking Load (2.2ms)[0m  [1m[34mSELECT "bookings".* FROM "bookings" WHERE "bookings"."event_id" = '4a7fe393-342b-4fd1-ab54-b74d5d5bebf9' ORDER BY "bookings"."id" DESC LIMIT 1 /*application='Vibes'*/[0m
  [1m[36mBooking Load (0.9ms)[0m  [1m[34mSELECT "bookings".* FROM "bookings" WHERE "bookings"."id" = 'bd72256d-ddbe-4a8e-aeb3-5977a88a0841' LIMIT 1 /*application='Vibes'*/[0m
  [1m[36mBooking Load (0.8ms)[0m  [1m[34mSELECT "bookings".* FROM "bookings" WHERE "bookings"."id" = 'bd72256d-ddbe-4a8e-aeb3-5977a88a0841' LIMIT 1 /*application='Vibes'*/[0m
  [1m[36mEvent Load (0.7ms)[0m  [1m[34mSELECT "events".* FROM "events" WHERE "events"."id" = '4a7fe393-342b-4fd1-ab54-b74d5d5bebf9' LIMIT 1 /*application='Vibes'*/[0m
  [1m[36mFoodBarOrder Sum (0.6ms)[0m  [1m[34mSELECT SUM("food_bar_orders"."total_amount") FROM "food_bar_orders" WHERE "food_bar_orders"."booking_id" = 'bd72256d-ddbe-4a8e-aeb3-5977a88a0841' /*application='Vibes'*/[0m
  [1m[36mEventTicketType Load (0.5ms)[0m  [1m[34mSELECT "event_ticket_types".* FROM "event_ticket_types" WHERE "event_ticket_types"."event_id" = '4a7fe393-342b-4fd1-ab54-b74d5d5bebf9' /*application='Vibes'*/[0m
  [1m[36mVenue Load (0.7ms)[0m  [1m[34mSELECT "venues".* FROM "venues" WHERE "venues"."id" = '6b12c191-ae6b-4f29-a53f-dd8ef69118fb' LIMIT 1 /*application='Vibes'*/[0m
[ActionCable] Broadcasting to booking_bd72256d-ddbe-4a8e-aeb3-5977a88a0841: {action: "status_updated", booking_id: "bd72256d-ddbe-4a8e-aeb3-5977a88a0841", booking: {id: "bd72256d-ddbe-4a8e-aeb3-5977a88a0841", status: "created", price: 500.0, total_price: 500.0, currency: "INR", payment_status: "pending", payment_type: nil, paid_amount: 0.0, remaining_amount: 500.0, payme...
  [1m[36mBooking Load (1.2ms)[0m  [1m[34mSELECT "bookings".* FROM "bookings" WHERE "bookings"."event_id" = '4a7fe393-342b-4fd1-ab54-b74d5d5bebf9' /*application='Vibes'*/[0m
  [1m[36mTRANSACTION (0.3ms)[0m  [1m[35mBEGIN /*application='Vibes'*/[0m
  [1m[36mPaymentTransaction Update All (1.5ms)[0m  [1m[33mUPDATE "payment_transactions" SET "reference_id" = NULL, "reference_type" = NULL WHERE "payment_transactions"."reference_id" = 'bd72256d-ddbe-4a8e-aeb3-5977a88a0841' AND "payment_transactions"."reference_type" = 'Booking' /*application='Vibes'*/[0m
  [1m[36mVibeCheck Load (0.5ms)[0m  [1m[34mSELECT "vibe_checks".* FROM "vibe_checks" WHERE "vibe_checks"."booking_id" = 'bd72256d-ddbe-4a8e-aeb3-5977a88a0841' LIMIT 1 /*application='Vibes'*/[0m
  [1m[36mFoodBarOrder Update All (0.5ms)[0m  [1m[33mUPDATE "food_bar_orders" SET "booking_id" = NULL WHERE "food_bar_orders"."booking_id" = 'bd72256d-ddbe-4a8e-aeb3-5977a88a0841' /*application='Vibes'*/[0m
  [1m[36mBookingTicketLine Load (0.4ms)[0m  [1m[34mSELECT "booking_ticket_lines".* FROM "booking_ticket_lines" WHERE "booking_ticket_lines"."booking_id" = 'bd72256d-ddbe-4a8e-aeb3-5977a88a0841' /*application='Vibes'*/[0m
  [1m[36mTicketEntitlement Load (0.5ms)[0m  [1m[34mSELECT "ticket_entitlements".* FROM "ticket_entitlements" WHERE "ticket_entitlements"."booking_id" = 'bd72256d-ddbe-4a8e-aeb3-5977a88a0841' /*application='Vibes'*/[0m
  [1m[36mBooking Destroy (1.8ms)[0m  [1m[31mDELETE FROM "bookings" WHERE "bookings"."id" = 'bd72256d-ddbe-4a8e-aeb3-5977a88a0841' /*application='Vibes'*/[0m
  [1m[36mTRANSACTION (3.5ms)[0m  [1m[35mCOMMIT /*application='Vibes'*/[0m
  [1m[36mTRANSACTION (1.5ms)[0m  [1m[35mBEGIN /*application='Vibes'*/[0m
  [1m[36mPaymentTransaction Update All (4.2ms)[0m  [1m[33mUPDATE "payment_transactions" SET "reference_id" = NULL, "reference_type" = NULL WHERE "payment_transactions"."reference_id" = 'bd72256d-ddbe-4a8e-aeb3-5977a88a0841' AND "payment_transactions"."reference_type" = 'Booking' /*application='Vibes'*/[0m
  [1m[36mFoodBarOrder Update All (0.5ms)[0m  [1m[33mUPDATE "food_bar_orders" SET "booking_id" = NULL WHERE "food_bar_orders"."booking_id" = 'bd72256d-ddbe-4a8e-aeb3-5977a88a0841' /*application='Vibes'*/[0m
  [1m[36mTRANSACTION (0.3ms)[0m  [1m[35mCOMMIT /*application='Vibes'*/[0m
  [1m[36mBooking Load (3.0ms)[0m  [1m[34mSELECT "bookings".* FROM "bookings" WHERE "bookings"."id" = 'bd72256d-ddbe-4a8e-aeb3-5977a88a0841' LIMIT 1 /*application='Vibes'*/[0m
  [1m[36mTRANSACTION (0.4ms)[0m  [1m[35mBEGIN /*application='Vibes'*/[0m
  [1m[36mPaymentTransaction Update All (2.1ms)[0m  [1m[33mUPDATE "payment_transactions" SET "reference_id" = NULL, "reference_type" = NULL WHERE "payment_transactions"."reference_id" = 'bd72256d-ddbe-4a8e-aeb3-5977a88a0841' AND "payment_transactions"."reference_type" = 'Booking' /*application='Vibes'*/[0m
  [1m[36mFoodBarOrder Update All (0.8ms)[0m  [1m[33mUPDATE "food_bar_orders" SET "booking_id" = NULL WHERE "food_bar_orders"."booking_id" = 'bd72256d-ddbe-4a8e-aeb3-5977a88a0841' /*application='Vibes'*/[0m
  [1m[36mTRANSACTION (0.3ms)[0m  [1m[35mCOMMIT /*application='Vibes'*/[0m
  [1m[36mBooking Load (2.1ms)[0m  [1m[34mSELECT "bookings".* FROM "bookings" WHERE "bookings"."id" = 'bd72256d-ddbe-4a8e-aeb3-5977a88a0841' LIMIT 1 /*application='Vibes'*/[0m
  [1m[36mEvent Load (2.9ms)[0m  [1m[34mSELECT "events".* FROM "events" WHERE "events"."id" = '4a7fe393-342b-4fd1-ab54-b74d5d5bebf9' LIMIT 1 /*application='Vibes'*/[0m
  [1m[36mBooking Load (1.4ms)[0m  [1m[34mSELECT "bookings".* FROM "bookings" WHERE "bookings"."event_id" = '4a7fe393-342b-4fd1-ab54-b74d5d5bebf9' ORDER BY "bookings"."id" DESC LIMIT 1 /*application='Vibes'*/[0m
  [1m[36mBooking Load (0.8ms)[0m  [1m[34mSELECT "bookings".* FROM "bookings" WHERE "bookings"."id" = 'fa1313f6-e95d-474e-b22d-bee8b5815db3' LIMIT 1 /*application='Vibes'*/[0m
  [1m[36mBooking Load (0.7ms)[0m  [1m[34mSELECT "bookings".* FROM "bookings" WHERE "bookings"."id" = 'fa1313f6-e95d-474e-b22d-bee8b5815db3' LIMIT 1 /*application='Vibes'*/[0m
  [1m[36mEvent Load (0.7ms)[0m  [1m[34mSELECT "events".* FROM "events" WHERE "events"."id" = '4a7fe393-342b-4fd1-ab54-b74d5d5bebf9' LIMIT 1 /*application='Vibes'*/[0m
  [1m[36mFoodBarOrder Sum (1.3ms)[0m  [1m[34mSELECT SUM("food_bar_orders"."total_amount") FROM "food_bar_orders" WHERE "food_bar_orders"."booking_id" = 'fa1313f6-e95d-474e-b22d-bee8b5815db3' /*application='Vibes'*/[0m
  [1m[36mEventTicketType Load (0.9ms)[0m  [1m[34mSELECT "event_ticket_types".* FROM "event_ticket_types" WHERE "event_ticket_types"."event_id" = '4a7fe393-342b-4fd1-ab54-b74d5d5bebf9' /*application='Vibes'*/[0m
  [1m[36mVenue Load (1.0ms)[0m  [1m[34mSELECT "venues".* FROM "venues" WHERE "venues"."id" = '6b12c191-ae6b-4f29-a53f-dd8ef69118fb' LIMIT 1 /*application='Vibes'*/[0m
[ActionCable] Broadcasting to booking_fa1313f6-e95d-474e-b22d-bee8b5815db3: {action: "status_updated", booking_id: "fa1313f6-e95d-474e-b22d-bee8b5815db3", booking: {id: "fa1313f6-e95d-474e-b22d-bee8b5815db3", status: "created", price: 500.0, total_price: 500.0, currency: "INR", payment_status: "pending", payment_type: nil, paid_amount: 0.0, remaining_amount: 500.0, payme...
  [1m[36mBooking Load (1.1ms)[0m  [1m[34mSELECT "bookings".* FROM "bookings" WHERE "bookings"."event_id" = '4a7fe393-342b-4fd1-ab54-b74d5d5bebf9' ORDER BY "bookings"."id" DESC LIMIT 1 /*application='Vibes'*/[0m
  [1m[36mBooking Load (0.7ms)[0m  [1m[34mSELECT "bookings".* FROM "bookings" WHERE "bookings"."id" = 'fa1313f6-e95d-474e-b22d-bee8b5815db3' LIMIT 1 /*application='Vibes'*/[0m
  [1m[36mBooking Load (0.8ms)[0m  [1m[34mSELECT "bookings".* FROM "bookings" WHERE "bookings"."id" = 'fa1313f6-e95d-474e-b22d-bee8b5815db3' LIMIT 1 /*application='Vibes'*/[0m
  [1m[36mEvent Load (0.8ms)[0m  [1m[34mSELECT "events".* FROM "events" WHERE "events"."id" = '4a7fe393-342b-4fd1-ab54-b74d5d5bebf9' LIMIT 1 /*application='Vibes'*/[0m
  [1m[36mFoodBarOrder Sum (0.6ms)[0m  [1m[34mSELECT SUM("food_bar_orders"."total_amount") FROM "food_bar_orders" WHERE "food_bar_orders"."booking_id" = 'fa1313f6-e95d-474e-b22d-bee8b5815db3' /*application='Vibes'*/[0m
  [1m[36mEventTicketType Load (0.5ms)[0m  [1m[34mSELECT "event_ticket_types".* FROM "event_ticket_types" WHERE "event_ticket_types"."event_id" = '4a7fe393-342b-4fd1-ab54-b74d5d5bebf9' /*application='Vibes'*/[0m
  [1m[36mVenue Load (0.5ms)[0m  [1m[34mSELECT "venues".* FROM "venues" WHERE "venues"."id" = '6b12c191-ae6b-4f29-a53f-dd8ef69118fb' LIMIT 1 /*application='Vibes'*/[0m
[ActionCable] Broadcasting to booking_fa1313f6-e95d-474e-b22d-bee8b5815db3: {action: "status_updated", booking_id: "fa1313f6-e95d-474e-b22d-bee8b5815db3", booking: {id: "fa1313f6-e95d-474e-b22d-bee8b5815db3", status: "created", price: 500.0, total_price: 500.0, currency: "INR", payment_status: "pending", payment_type: nil, paid_amount: 0.0, remaining_amount: 500.0, payme...
  [1m[36mBooking Load (1.3ms)[0m  [1m[34mSELECT "bookings".* FROM "bookings" WHERE "bookings"."event_id" = '4a7fe393-342b-4fd1-ab54-b74d5d5bebf9' ORDER BY "bookings"."id" DESC LIMIT 1 /*application='Vibes'*/[0m
  [1m[36mBooking Load (0.9ms)[0m  [1m[34mSELECT "bookings".* FROM "bookings" WHERE "bookings"."id" = 'fa1313f6-e95d-474e-b22d-bee8b5815db3' LIMIT 1 /*application='Vibes'*/[0m
  [1m[36mBooking Load (0.8ms)[0m  [1m[34mSELECT "bookings".* FROM "bookings" WHERE "bookings"."id" = 'fa1313f6-e95d-474e-b22d-bee8b5815db3' LIMIT 1 /*application='Vibes'*/[0m
  [1m[36mEvent Load (0.9ms)[0m  [1m[34mSELECT "events".* FROM "events" WHERE "events"."id" = '4a7fe393-342b-4fd1-ab54-b74d5d5bebf9' LIMIT 1 /*application='Vibes'*/[0m
  [1m[36mFoodBarOrder Sum (0.8ms)[0m  [1m[34mSELECT SUM("food_bar_orders"."total_amount") FROM "food_bar_orders" WHERE "food_bar_orders"."booking_id" = 'fa1313f6-e95d-474e-b22d-bee8b5815db3' /*application='Vibes'*/[0m
  [1m[36mEventTicketType Load (0.7ms)[0m  [1m[34mSELECT "event_ticket_types".* FROM "event_ticket_types" WHERE "event_ticket_types"."event_id" = '4a7fe393-342b-4fd1-ab54-b74d5d5bebf9' /*application='Vibes'*/[0m
  [1m[36mVenue Load (0.7ms)[0m  [1m[34mSELECT "venues".* FROM "venues" WHERE "venues"."id" = '6b12c191-ae6b-4f29-a53f-dd8ef69118fb' LIMIT 1 /*application='Vibes'*/[0m
[ActionCable] Broadcasting to booking_fa1313f6-e95d-474e-b22d-bee8b5815db3: {action: "status_updated", booking_id: "fa1313f6-e95d-474e-b22d-bee8b5815db3", booking: {id: "fa1313f6-e95d-474e-b22d-bee8b5815db3", status: "created", price: 500.0, total_price: 500.0, currency: "INR", payment_status: "pending", payment_type: nil, paid_amount: 0.0, remaining_amount: 500.0, payme...
  [1m[36mBooking Load (1.0ms)[0m  [1m[34mSELECT "bookings".* FROM "bookings" WHERE "bookings"."event_id" = '4a7fe393-342b-4fd1-ab54-b74d5d5bebf9' ORDER BY "bookings"."id" DESC LIMIT 1 /*application='Vibes'*/[0m
  [1m[36mBooking Load (0.6ms)[0m  [1m[34mSELECT "bookings".* FROM "bookings" WHERE "bookings"."id" = 'fa1313f6-e95d-474e-b22d-bee8b5815db3' LIMIT 1 /*application='Vibes'*/[0m
  [1m[36mBooking Load (1.6ms)[0m  [1m[34mSELECT "bookings".* FROM "bookings" WHERE "bookings"."id" = 'fa1313f6-e95d-474e-b22d-bee8b5815db3' LIMIT 1 /*application='Vibes'*/[0m
  [1m[36mEvent Load (1.0ms)[0m  [1m[34mSELECT "events".* FROM "events" WHERE "events"."id" = '4a7fe393-342b-4fd1-ab54-b74d5d5bebf9' LIMIT 1 /*application='Vibes'*/[0m
  [1m[36mFoodBarOrder Sum (0.6ms)[0m  [1m[34mSELECT SUM("food_bar_orders"."total_amount") FROM "food_bar_orders" WHERE "food_bar_orders"."booking_id" = 'fa1313f6-e95d-474e-b22d-bee8b5815db3' /*application='Vibes'*/[0m
  [1m[36mEventTicketType Load (0.5ms)[0m  [1m[34mSELECT "event_ticket_types".* FROM "event_ticket_types" WHERE "event_ticket_types"."event_id" = '4a7fe393-342b-4fd1-ab54-b74d5d5bebf9' /*application='Vibes'*/[0m
  [1m[36mVenue Load (0.6ms)[0m  [1m[34mSELECT "venues".* FROM "venues" WHERE "venues"."id" = '6b12c191-ae6b-4f29-a53f-dd8ef69118fb' LIMIT 1 /*application='Vibes'*/[0m
[ActionCable] Broadcasting to booking_fa1313f6-e95d-474e-b22d-bee8b5815db3: {action: "status_updated", booking_id: "fa1313f6-e95d-474e-b22d-bee8b5815db3", booking: {id: "fa1313f6-e95d-474e-b22d-bee8b5815db3", status: "created", price: 500.0, total_price: 500.0, currency: "INR", payment_status: "pending", payment_type: nil, paid_amount: 0.0, remaining_amount: 500.0, payme...
  [1m[36mBooking Load (4.1ms)[0m  [1m[34mSELECT "bookings".* FROM "bookings" WHERE "bookings"."id" = 'fa1313f6-e95d-474e-b22d-bee8b5815db3' LIMIT 1 /*application='Vibes'*/[0m
  [1m[36mEvent Load (1.0ms)[0m  [1m[34mSELECT "events".* FROM "events" WHERE "events"."id" = '4a7fe393-342b-4fd1-ab54-b74d5d5bebf9' LIMIT 1 /*application='Vibes'*/[0m
  [1m[36mFoodBarOrder Sum (0.8ms)[0m  [1m[34mSELECT SUM("food_bar_orders"."total_amount") FROM "food_bar_orders" WHERE "food_bar_orders"."booking_id" = 'fa1313f6-e95d-474e-b22d-bee8b5815db3' /*application='Vibes'*/[0m
  [1m[36mEventTicketType Load (0.6ms)[0m  [1m[34mSELECT "event_ticket_types".* FROM "event_ticket_types" WHERE "event_ticket_types"."event_id" = '4a7fe393-342b-4fd1-ab54-b74d5d5bebf9' /*application='Vibes'*/[0m
  [1m[36mVenue Load (0.8ms)[0m  [1m[34mSELECT "venues".* FROM "venues" WHERE "venues"."id" = '6b12c191-ae6b-4f29-a53f-dd8ef69118fb' LIMIT 1 /*application='Vibes'*/[0m
[ActionCable] Broadcasting to booking_fa1313f6-e95d-474e-b22d-bee8b5815db3: {action: "status_updated", booking_id: "fa1313f6-e95d-474e-b22d-bee8b5815db3", booking: {id: "fa1313f6-e95d-474e-b22d-bee8b5815db3", status: "created", price: 500.0, total_price: 500.0, currency: "INR", payment_status: "pending", payment_type: nil, paid_amount: 0.0, remaining_amount: 500.0, payme...
  [1m[36mBooking Load (1.1ms)[0m  [1m[34mSELECT "bookings".* FROM "bookings" WHERE "bookings"."id" = 'fa1313f6-e95d-474e-b22d-bee8b5815db3' LIMIT 1 /*application='Vibes'*/[0m
  [1m[36mEvent Load (0.8ms)[0m  [1m[34mSELECT "events".* FROM "events" WHERE "events"."id" = '4a7fe393-342b-4fd1-ab54-b74d5d5bebf9' LIMIT 1 /*application='Vibes'*/[0m
  [1m[36mFoodBarOrder Sum (0.8ms)[0m  [1m[34mSELECT SUM("food_bar_orders"."total_amount") FROM "food_bar_orders" WHERE "food_bar_orders"."booking_id" = 'fa1313f6-e95d-474e-b22d-bee8b5815db3' /*application='Vibes'*/[0m
  [1m[36mEventTicketType Load (0.8ms)[0m  [1m[34mSELECT "event_ticket_types".* FROM "event_ticket_types" WHERE "event_ticket_types"."event_id" = '4a7fe393-342b-4fd1-ab54-b74d5d5bebf9' /*application='Vibes'*/[0m
  [1m[36mVenue Load (0.6ms)[0m  [1m[34mSELECT "venues".* FROM "venues" WHERE "venues"."id" = '6b12c191-ae6b-4f29-a53f-dd8ef69118fb' LIMIT 1 /*application='Vibes'*/[0m
[ActionCable] Broadcasting to booking_fa1313f6-e95d-474e-b22d-bee8b5815db3: {action: "status_updated", booking_id: "fa1313f6-e95d-474e-b22d-bee8b5815db3", booking: {id: "fa1313f6-e95d-474e-b22d-bee8b5815db3", status: "created", price: 500.0, total_price: 500.0, currency: "INR", payment_status: "pending", payment_type: nil, paid_amount: 0.0, remaining_amount: 500.0, payme...
  [1m[36mBooking Load (1.9ms)[0m  [1m[34mSELECT "bookings".* FROM "bookings" WHERE "bookings"."id" = 'fa1313f6-e95d-474e-b22d-bee8b5815db3' LIMIT 1 /*application='Vibes'*/[0m
  [1m[36mEvent Load (1.7ms)[0m  [1m[34mSELECT "events".* FROM "events" WHERE "events"."id" = '4a7fe393-342b-4fd1-ab54-b74d5d5bebf9' LIMIT 1 /*application='Vibes'*/[0m
  [1m[36mFoodBarOrder Sum (1.1ms)[0m  [1m[34mSELECT SUM("food_bar_orders"."total_amount") FROM "food_bar_orders" WHERE "food_bar_orders"."booking_id" = 'fa1313f6-e95d-474e-b22d-bee8b5815db3' /*application='Vibes'*/[0m
  [1m[36mEventTicketType Load (0.7ms)[0m  [1m[34mSELECT "event_ticket_types".* FROM "event_ticket_types" WHERE "event_ticket_types"."event_id" = '4a7fe393-342b-4fd1-ab54-b74d5d5bebf9' /*application='Vibes'*/[0m
  [1m[36mVenue Load (1.0ms)[0m  [1m[34mSELECT "venues".* FROM "venues" WHERE "venues"."id" = '6b12c191-ae6b-4f29-a53f-dd8ef69118fb' LIMIT 1 /*application='Vibes'*/[0m
[ActionCable] Broadcasting to booking_fa1313f6-e95d-474e-b22d-bee8b5815db3: {action: "status_updated", booking_id: "fa1313f6-e95d-474e-b22d-bee8b5815db3", booking: {id: "fa1313f6-e95d-474e-b22d-bee8b5815db3", status: "created", price: 500.0, total_price: 500.0, currency: "INR", payment_status: "pending", payment_type: nil, paid_amount: 0.0, remaining_amount: 500.0, payme...
[dotenv] Set [36mVIBES_DATABASE_PASSWORD[0m, [36mDATABASE_URL[0m, [36mSENDGRID_FROM_EMAIL[0m, [36mSENDGRID_API_KEY[0m, [36mTWILIO_ACCOUNT_SID[0m, [36mTWILIO_AUTH_TOKEN[0m, [36mTWILIO_PHONE_NUMBER[0m, [36mTWILIO_MESSAGING_SERVICE_SID[0m, [36mSTRIPE_SECRET_KEY[0m, [36mSTRIPE_WEBHOOK_SECRET[0m, [36mGOOGLE_APPLICATION_CREDENTIALS[0m, [36mSECRET_KEY_BASE[0m, [36mRAILS_LOG_TO_STDOUT[0m, [36mRAILS_SERVE_STATIC_FILES[0m, [36mRAILS_MAX_THREADS[0m, [36mWEB_CONCURRENCY[0m, [36mPORT[0m
[dotenv] Loaded [33m.env[0m
[dotenv] Loaded [33m.env[0m
  [1m[36mBooking Load (1.6ms)[0m  [1m[34mSELECT "bookings".* FROM "bookings" WHERE "bookings"."id" = 'fa1313f6-e95d-474e-b22d-bee8b5815db3' LIMIT 1 /*application='Vibes'*/[0m
  [1m[36mBooking Load (1.0ms)[0m  [1m[34mSELECT "bookings".* FROM "bookings" WHERE "bookings"."id" = 'fa1313f6-e95d-474e-b22d-bee8b5815db3' LIMIT 1 /*application='Vibes'*/[0m
  [1m[36mEvent Load (2.1ms)[0m  [1m[34mSELECT "events".* FROM "events" WHERE "events"."id" = '4a7fe393-342b-4fd1-ab54-b74d5d5bebf9' LIMIT 1 /*application='Vibes'*/[0m
  [1m[36mFoodBarOrder Sum (1.2ms)[0m  [1m[34mSELECT SUM("food_bar_orders"."total_amount") FROM "food_bar_orders" WHERE "food_bar_orders"."booking_id" = 'fa1313f6-e95d-474e-b22d-bee8b5815db3' /*application='Vibes'*/[0m
  [1m[36mEventTicketType Load (1.0ms)[0m  [1m[34mSELECT "event_ticket_types".* FROM "event_ticket_types" WHERE "event_ticket_types"."event_id" = '4a7fe393-342b-4fd1-ab54-b74d5d5bebf9' /*application='Vibes'*/[0m
  [1m[36mVenue Load (1.1ms)[0m  [1m[34mSELECT "venues".* FROM "venues" WHERE "venues"."id" = '6b12c191-ae6b-4f29-a53f-dd8ef69118fb' LIMIT 1 /*application='Vibes'*/[0m
[ActionCable] Broadcasting to booking_fa1313f6-e95d-474e-b22d-bee8b5815db3: {action: "status_updated", booking_id: "fa1313f6-e95d-474e-b22d-bee8b5815db3", booking: {id: "fa1313f6-e95d-474e-b22d-bee8b5815db3", status: "created", price: 500.0, total_price: 500.0, currency: "INR", payment_status: "pending", payment_type: nil, paid_amount: 0.0, remaining_amount: 500.0, payme...
[dotenv] Set [36mVIBES_DATABASE_PASSWORD[0m, [36mDATABASE_URL[0m, [36mSENDGRID_FROM_EMAIL[0m, [36mSENDGRID_API_KEY[0m, [36mTWILIO_ACCOUNT_SID[0m, [36mTWILIO_AUTH_TOKEN[0m, [36mTWILIO_PHONE_NUMBER[0m, [36mTWILIO_MESSAGING_SERVICE_SID[0m, [36mSTRIPE_SECRET_KEY[0m, [36mSTRIPE_WEBHOOK_SECRET[0m, [36mGOOGLE_APPLICATION_CREDENTIALS[0m, [36mSECRET_KEY_BASE[0m, [36mRAILS_LOG_TO_STDOUT[0m, [36mRAILS_SERVE_STATIC_FILES[0m, [36mRAILS_MAX_THREADS[0m, [36mWEB_CONCURRENCY[0m, [36mPORT[0m
[dotenv] Loaded [33m.env[0m
[dotenv] Loaded [33m.env[0m
  [1m[36mBooking Load (1.5ms)[0m  [1m[34mSELECT "bookings".* FROM "bookings" WHERE "bookings"."id" = 'fa1313f6-e95d-474e-b22d-bee8b5815db3' LIMIT 1 /*application='Vibes'*/[0m
  [1m[36mEvent Load (2.2ms)[0m  [1m[34mSELECT "events".* FROM "events" WHERE "events"."id" = '4a7fe393-342b-4fd1-ab54-b74d5d5bebf9' LIMIT 1 /*application='Vibes'*/[0m
  [1m[36mBooking Load (0.8ms)[0m  [1m[34mSELECT "bookings".* FROM "bookings" WHERE "bookings"."id" = 'fa1313f6-e95d-474e-b22d-bee8b5815db3' LIMIT 1 /*application='Vibes'*/[0m
  [1m[36mEvent Load (0.7ms)[0m  [1m[34mSELECT "events".* FROM "events" WHERE "events"."id" = '4a7fe393-342b-4fd1-ab54-b74d5d5bebf9' LIMIT 1 /*application='Vibes'*/[0m
  [1m[36mFoodBarOrder Sum (1.2ms)[0m  [1m[34mSELECT SUM("food_bar_orders"."total_amount") FROM "food_bar_orders" WHERE "food_bar_orders"."booking_id" = 'fa1313f6-e95d-474e-b22d-bee8b5815db3' /*application='Vibes'*/[0m
  [1m[36mEventTicketType Exists? (0.8ms)[0m  [1m[34mSELECT 1 AS one FROM "event_ticket_types" WHERE "event_ticket_types"."event_id" = '4a7fe393-342b-4fd1-ab54-b74d5d5bebf9' AND ("event_ticket_types"."quantity_total" - "event_ticket_types"."quantity_sold") > 0 LIMIT 1 /*application='Vibes'*/[0m
  [1m[36mVenue Load (1.1ms)[0m  [1m[34mSELECT "venues".* FROM "venues" WHERE "venues"."id" = '6b12c191-ae6b-4f29-a53f-dd8ef69118fb' LIMIT 1 /*application='Vibes'*/[0m
[ActionCable] Broadcasting to booking_fa1313f6-e95d-474e-b22d-bee8b5815db3: {action: "status_updated", booking_id: "fa1313f6-e95d-474e-b22d-bee8b5815db3", booking: {id: "fa1313f6-e95d-474e-b22d-bee8b5815db3", status: "created", price: 500.0, total_price: 500.0, currency: "INR", payment_status: "pending", payment_type: nil, paid_amount: 0.0, remaining_amount: 500.0, payme...
[BookingBroadcaster] broadcast stream=booking_fa1313f6-e95d-474e-b22d-bee8b5815db3 action=status_updated adapter=ActionCable::SubscriptionAdapter::Async subscriber_streams=nil redis_url=nil
[dotenv] Set [36mVIBES_DATABASE_PASSWORD[0m, [36mDATABASE_URL[0m, [36mSENDGRID_FROM_EMAIL[0m, [36mSENDGRID_API_KEY[0m, [36mTWILIO_ACCOUNT_SID[0m, [36mTWILIO_AUTH_TOKEN[0m, [36mTWILIO_PHONE_NUMBER[0m, [36mTWILIO_MESSAGING_SERVICE_SID[0m, [36mSTRIPE_SECRET_KEY[0m, [36mSTRIPE_WEBHOOK_SECRET[0m, [36mGOOGLE_APPLICATION_CREDENTIALS[0m, [36mSECRET_KEY_BASE[0m, [36mRAILS_LOG_TO_STDOUT[0m, [36mRAILS_SERVE_STATIC_FILES[0m, [36mRAILS_MAX_THREADS[0m, [36mWEB_CONCURRENCY[0m, [36mPORT[0m
[dotenv] Loaded [33m.env[0m
[dotenv] Loaded [33m.env[0m
  [1m[36mEvent Load (2.8ms)[0m  [1m[34mSELECT "events".* FROM "events" WHERE "events"."title" = 'ticket issue check' LIMIT 1 /*application='Vibes'*/[0m
  [1m[36mBooking Count (1.7ms)[0m  [1m[34mSELECT COUNT(*) FROM "bookings" WHERE "bookings"."event_id" = '1a3a8a3a-d4fa-423d-8d27-b3a2666b2341' /*application='Vibes'*/[0m
  [1m[36mBooking Load (1.4ms)[0m  [1m[34mSELECT "bookings".* FROM "bookings" WHERE "bookings"."event_id" = '1a3a8a3a-d4fa-423d-8d27-b3a2666b2341' /*application='Vibes'*/[0m
  [1m[36mTRANSACTION (0.4ms)[0m  [1m[35mBEGIN /*application='Vibes'*/[0m
  [1m[36mPaymentTransaction Update All (1.2ms)[0m  [1m[33mUPDATE "payment_transactions" SET "reference_id" = NULL, "reference_type" = NULL WHERE "payment_transactions"."reference_id" = '3d422cda-d513-4013-a464-533fdf318eff' AND "payment_transactions"."reference_type" = 'Booking' /*application='Vibes'*/[0m
  [1m[36mVibeCheck Load (1.1ms)[0m  [1m[34mSELECT "vibe_checks".* FROM "vibe_checks" WHERE "vibe_checks"."booking_id" = '3d422cda-d513-4013-a464-533fdf318eff' LIMIT 1 /*application='Vibes'*/[0m
  [1m[36mFoodBarOrder Update All (0.9ms)[0m  [1m[33mUPDATE "food_bar_orders" SET "booking_id" = NULL WHERE "food_bar_orders"."booking_id" = '3d422cda-d513-4013-a464-533fdf318eff' /*application='Vibes'*/[0m
  [1m[36mBookingTicketLine Load (0.6ms)[0m  [1m[34mSELECT "booking_ticket_lines".* FROM "booking_ticket_lines" WHERE "booking_ticket_lines"."booking_id" = '3d422cda-d513-4013-a464-533fdf318eff' /*application='Vibes'*/[0m
  [1m[36mTicketEntitlement Load (1.2ms)[0m  [1m[34mSELECT "ticket_entitlements".* FROM "ticket_entitlements" WHERE "ticket_entitlements"."booking_id" = '3d422cda-d513-4013-a464-533fdf318eff' /*application='Vibes'*/[0m
  [1m[36mBooking Destroy (2.7ms)[0m  [1m[31mDELETE FROM "bookings" WHERE "bookings"."id" = '3d422cda-d513-4013-a464-533fdf318eff' /*application='Vibes'*/[0m
  [1m[36mTRANSACTION (3.8ms)[0m  [1m[35mCOMMIT /*application='Vibes'*/[0m
  [1m[36mTRANSACTION (0.2ms)[0m  [1m[35mBEGIN /*application='Vibes'*/[0m
  [1m[36mPaymentTransaction Update All (1.0ms)[0m  [1m[33mUPDATE "payment_transactions" SET "reference_id" = NULL, "reference_type" = NULL WHERE "payment_transactions"."reference_id" = '636a5748-01d8-4769-82b0-b1cc5e7f6e07' AND "payment_transactions"."reference_type" = 'Booking' /*application='Vibes'*/[0m
  [1m[36mVibeCheck Load (0.4ms)[0m  [1m[34mSELECT "vibe_checks".* FROM "vibe_checks" WHERE "vibe_checks"."booking_id" = '636a5748-01d8-4769-82b0-b1cc5e7f6e07' LIMIT 1 /*application='Vibes'*/[0m
  [1m[36mFoodBarOrder Update All (0.3ms)[0m  [1m[33mUPDATE "food_bar_orders" SET "booking_id" = NULL WHERE "food_bar_orders"."booking_id" = '636a5748-01d8-4769-82b0-b1cc5e7f6e07' /*application='Vibes'*/[0m
  [1m[36mBookingTicketLine Load (0.4ms)[0m  [1m[34mSELECT "booking_ticket_lines".* FROM "booking_ticket_lines" WHERE "booking_ticket_lines"."booking_id" = '636a5748-01d8-4769-82b0-b1cc5e7f6e07' /*application='Vibes'*/[0m
  [1m[36mBookingTicketLine Destroy (0.6ms)[0m  [1m[31mDELETE FROM "booking_ticket_lines" WHERE "booking_ticket_lines"."id" = '7315db97-fea9-4feb-a9e4-74a81279601e' /*application='Vibes'*/[0m
  [1m[36mTicketEntitlement Load (0.6ms)[0m  [1m[34mSELECT "ticket_entitlements".* FROM "ticket_entitlements" WHERE "ticket_entitlements"."booking_id" = '636a5748-01d8-4769-82b0-b1cc5e7f6e07' /*application='Vibes'*/[0m
  [1m[36mTicketEntitlement Destroy (0.7ms)[0m  [1m[31mDELETE FROM "ticket_entitlements" WHERE "ticket_entitlements"."id" = 'cf669b07-85c3-4ddb-86e9-84938bb72ff2' /*application='Vibes'*/[0m
  [1m[36mBooking Destroy (1.3ms)[0m  [1m[31mDELETE FROM "bookings" WHERE "bookings"."id" = '636a5748-01d8-4769-82b0-b1cc5e7f6e07' /*application='Vibes'*/[0m
  [1m[36mTRANSACTION (1.5ms)[0m  [1m[35mCOMMIT /*application='Vibes'*/[0m
  [1m[36mTRANSACTION (0.2ms)[0m  [1m[35mBEGIN /*application='Vibes'*/[0m
  [1m[36mPaymentTransaction Update All (1.0ms)[0m  [1m[33mUPDATE "payment_transactions" SET "reference_id" = NULL, "reference_type" = NULL WHERE "payment_transactions"."reference_id" = 'c31e3bb4-2d17-482e-b39a-d51a31c72c60' AND "payment_transactions"."reference_type" = 'Booking' /*application='Vibes'*/[0m
  [1m[36mVibeCheck Load (0.5ms)[0m  [1m[34mSELECT "vibe_checks".* FROM "vibe_checks" WHERE "vibe_checks"."booking_id" = 'c31e3bb4-2d17-482e-b39a-d51a31c72c60' LIMIT 1 /*application='Vibes'*/[0m
  [1m[36mFoodBarOrder Update All (0.4ms)[0m  [1m[33mUPDATE "food_bar_orders" SET "booking_id" = NULL WHERE "food_bar_orders"."booking_id" = 'c31e3bb4-2d17-482e-b39a-d51a31c72c60' /*application='Vibes'*/[0m
  [1m[36mBookingTicketLine Load (0.4ms)[0m  [1m[34mSELECT "booking_ticket_lines".* FROM "booking_ticket_lines" WHERE "booking_ticket_lines"."booking_id" = 'c31e3bb4-2d17-482e-b39a-d51a31c72c60' /*application='Vibes'*/[0m
  [1m[36mBookingTicketLine Destroy (0.4ms)[0m  [1m[31mDELETE FROM "booking_ticket_lines" WHERE "booking_ticket_lines"."id" = '03f807e1-1145-4932-989e-7a2c17bc7881' /*application='Vibes'*/[0m
  [1m[36mTicketEntitlement Load (0.4ms)[0m  [1m[34mSELECT "ticket_entitlements".* FROM "ticket_entitlements" WHERE "ticket_entitlements"."booking_id" = 'c31e3bb4-2d17-482e-b39a-d51a31c72c60' /*application='Vibes'*/[0m
  [1m[36mTicketEntitlement Destroy (0.4ms)[0m  [1m[31mDELETE FROM "ticket_entitlements" WHERE "ticket_entitlements"."id" = 'c18d17ad-fc9f-48c6-9aeb-9070232e6853' /*application='Vibes'*/[0m
  [1m[36mTicketEntitlement Destroy (0.4ms)[0m  [1m[31mDELETE FROM "ticket_entitlements" WHERE "ticket_entitlements"."id" = 'c2d58fed-98c2-44c9-bd74-fd5dc8223421' /*application='Vibes'*/[0m
  [1m[36mBooking Destroy (0.8ms)[0m  [1m[31mDELETE FROM "bookings" WHERE "bookings"."id" = 'c31e3bb4-2d17-482e-b39a-d51a31c72c60' /*application='Vibes'*/[0m
  [1m[36mTRANSACTION (1.8ms)[0m  [1m[35mCOMMIT /*application='Vibes'*/[0m
[dotenv] Set [36mVIBES_DATABASE_PASSWORD[0m, [36mDATABASE_URL[0m, [36mSENDGRID_FROM_EMAIL[0m, [36mSENDGRID_API_KEY[0m, [36mTWILIO_ACCOUNT_SID[0m, [36mTWILIO_AUTH_TOKEN[0m, [36mTWILIO_PHONE_NUMBER[0m, [36mTWILIO_MESSAGING_SERVICE_SID[0m, [36mSTRIPE_SECRET_KEY[0m, [36mSTRIPE_WEBHOOK_SECRET[0m, [36mGOOGLE_APPLICATION_CREDENTIALS[0m, [36mSECRET_KEY_BASE[0m, [36mRAILS_LOG_TO_STDOUT[0m, [36mRAILS_SERVE_STATIC_FILES[0m, [36mRAILS_MAX_THREADS[0m, [36mWEB_CONCURRENCY[0m, [36mPORT[0m
[dotenv] Loaded [33m.env[0m
[dotenv] Loaded [33m.env[0m
  [1m[36mEvent Load (3.2ms)[0m  [1m[34mSELECT "events".* FROM "events" WHERE "events"."title" = 'test ticket session' LIMIT 1 /*application='Vibes'*/[0m
  [1m[36mEvent Load (1.1ms)[0m  [1m[34mSELECT "events".* FROM "events" WHERE "events"."title" = 'test ticket section' LIMIT 1 /*application='Vibes'*/[0m
  [1m[36mBooking Load (1.8ms)[0m  [1m[34mSELECT "bookings".* FROM "bookings" WHERE "bookings"."event_id" = '4c23134f-bac8-499d-948f-3e4964a7b594' /* loading for pp */ LIMIT 11 /*application='Vibes'*/[0m
  [1m[36mBooking Count (1.1ms)[0m  [1m[34mSELECT COUNT(*) FROM "bookings" WHERE "bookings"."event_id" = '4c23134f-bac8-499d-948f-3e4964a7b594' /*application='Vibes'*/[0m
  [1m[36mBooking Load (1.5ms)[0m  [1m[34mSELECT "bookings".* FROM "bookings" WHERE "bookings"."event_id" = '4c23134f-bac8-499d-948f-3e4964a7b594' /*application='Vibes'*/[0m
  [1m[36mTRANSACTION (0.4ms)[0m  [1m[35mBEGIN /*application='Vibes'*/[0m
  [1m[36mPaymentTransaction Update All (1.4ms)[0m  [1m[33mUPDATE "payment_transactions" SET "reference_id" = NULL, "reference_type" = NULL WHERE "payment_transactions"."reference_id" = '997dfc56-c259-4e89-9fd4-973306ddacfd' AND "payment_transactions"."reference_type" = 'Booking' /*application='Vibes'*/[0m
  [1m[36mVibeCheck Load (1.0ms)[0m  [1m[34mSELECT "vibe_checks".* FROM "vibe_checks" WHERE "vibe_checks"."booking_id" = '997dfc56-c259-4e89-9fd4-973306ddacfd' LIMIT 1 /*application='Vibes'*/[0m
  [1m[36mFoodBarOrder Update All (1.2ms)[0m  [1m[33mUPDATE "food_bar_orders" SET "booking_id" = NULL WHERE "food_bar_orders"."booking_id" = '997dfc56-c259-4e89-9fd4-973306ddacfd' /*application='Vibes'*/[0m
  [1m[36mBookingTicketLine Load (0.8ms)[0m  [1m[34mSELECT "booking_ticket_lines".* FROM "booking_ticket_lines" WHERE "booking_ticket_lines"."booking_id" = '997dfc56-c259-4e89-9fd4-973306ddacfd' /*application='Vibes'*/[0m
  [1m[36mBookingTicketLine Destroy (0.8ms)[0m  [1m[31mDELETE FROM "booking_ticket_lines" WHERE "booking_ticket_lines"."id" = 'f5d6c836-5fde-439a-a15c-8e7b1f8805d4' /*application='Vibes'*/[0m
  [1m[36mTicketEntitlement Load (1.3ms)[0m  [1m[34mSELECT "ticket_entitlements".* FROM "ticket_entitlements" WHERE "ticket_entitlements"."booking_id" = '997dfc56-c259-4e89-9fd4-973306ddacfd' /*application='Vibes'*/[0m
  [1m[36mTicketEntitlement Destroy (0.7ms)[0m  [1m[31mDELETE FROM "ticket_entitlements" WHERE "ticket_entitlements"."id" = '4d56aea4-97e8-4af0-ac06-6f86c27b1b1d' /*application='Vibes'*/[0m
  [1m[36mBooking Destroy (3.0ms)[0m  [1m[31mDELETE FROM "bookings" WHERE "bookings"."id" = '997dfc56-c259-4e89-9fd4-973306ddacfd' /*application='Vibes'*/[0m
  [1m[36mTRANSACTION (2.8ms)[0m  [1m[35mCOMMIT /*application='Vibes'*/[0m
  [1m[36mTRANSACTION (0.5ms)[0m  [1m[35mBEGIN /*application='Vibes'*/[0m
  [1m[36mPaymentTransaction Update All (1.7ms)[0m  [1m[33mUPDATE "payment_transactions" SET "reference_id" = NULL, "reference_type" = NULL WHERE "payment_transactions"."reference_id" = '12e891e5-5f37-4611-a2d9-ca80a91a391c' AND "payment_transactions"."reference_type" = 'Booking' /*application='Vibes'*/[0m
  [1m[36mVibeCheck Load (0.5ms)[0m  [1m[34mSELECT "vibe_checks".* FROM "vibe_checks" WHERE "vibe_checks"."booking_id" = '12e891e5-5f37-4611-a2d9-ca80a91a391c' LIMIT 1 /*application='Vibes'*/[0m
  [1m[36mFoodBarOrder Update All (0.5ms)[0m  [1m[33mUPDATE "food_bar_orders" SET "booking_id" = NULL WHERE "food_bar_orders"."booking_id" = '12e891e5-5f37-4611-a2d9-ca80a91a391c' /*application='Vibes'*/[0m
  [1m[36mBookingTicketLine Load (0.4ms)[0m  [1m[34mSELECT "booking_ticket_lines".* FROM "booking_ticket_lines" WHERE "booking_ticket_lines"."booking_id" = '12e891e5-5f37-4611-a2d9-ca80a91a391c' /*application='Vibes'*/[0m
  [1m[36mBookingTicketLine Destroy (0.5ms)[0m  [1m[31mDELETE FROM "booking_ticket_lines" WHERE "booking_ticket_lines"."id" = '7bd97293-c63e-4415-89c2-0289ed667cb3' /*application='Vibes'*/[0m
  [1m[36mTicketEntitlement Load (0.5ms)[0m  [1m[34mSELECT "ticket_entitlements".* FROM "ticket_entitlements" WHERE "ticket_entitlements"."booking_id" = '12e891e5-5f37-4611-a2d9-ca80a91a391c' /*application='Vibes'*/[0m
  [1m[36mTicketEntitlement Destroy (0.4ms)[0m  [1m[31mDELETE FROM "ticket_entitlements" WHERE "ticket_entitlements"."id" = '180c06ad-df54-4ea9-8f34-31afa7db893d' /*application='Vibes'*/[0m
  [1m[36mTicketEntitlement Destroy (0.4ms)[0m  [1m[31mDELETE FROM "ticket_entitlements" WHERE "ticket_entitlements"."id" = 'cb868f5e-bbc0-4155-a6cc-233bd9dbc07d' /*application='Vibes'*/[0m
  [1m[36mTicketEntitlement Destroy (0.4ms)[0m  [1m[31mDELETE FROM "ticket_entitlements" WHERE "ticket_entitlements"."id" = 'd1242b1b-f1c2-45c1-b766-5ba29c1f8a92' /*application='Vibes'*/[0m
  [1m[36mTicketEntitlement Destroy (0.3ms)[0m  [1m[31mDELETE FROM "ticket_entitlements" WHERE "ticket_entitlements"."id" = '4cd2330e-7d0a-406d-ad57-482a925400e6' /*application='Vibes'*/[0m
  [1m[36mTicketEntitlement Destroy (0.4ms)[0m  [1m[31mDELETE FROM "ticket_entitlements" WHERE "ticket_entitlements"."id" = '481ac059-204a-4662-975d-426e8512c8cd' /*application='Vibes'*/[0m
  [1m[36mBooking Destroy (1.5ms)[0m  [1m[31mDELETE FROM "bookings" WHERE "bookings"."id" = '12e891e5-5f37-4611-a2d9-ca80a91a391c' /*application='Vibes'*/[0m
  [1m[36mTRANSACTION (1.8ms)[0m  [1m[35mCOMMIT /*application='Vibes'*/[0m
[dotenv] Set [36mVIBES_DATABASE_PASSWORD[0m, [36mDATABASE_URL[0m, [36mSENDGRID_FROM_EMAIL[0m, [36mSENDGRID_API_KEY[0m, [36mTWILIO_ACCOUNT_SID[0m, [36mTWILIO_AUTH_TOKEN[0m, [36mTWILIO_PHONE_NUMBER[0m, [36mTWILIO_MESSAGING_SERVICE_SID[0m, [36mSTRIPE_SECRET_KEY[0m, [36mSTRIPE_WEBHOOK_SECRET[0m, [36mGOOGLE_APPLICATION_CREDENTIALS[0m, [36mSECRET_KEY_BASE[0m, [36mRAILS_LOG_TO_STDOUT[0m, [36mRAILS_SERVE_STATIC_FILES[0m, [36mRAILS_MAX_THREADS[0m, [36mWEB_CONCURRENCY[0m, [36mPORT[0m
[dotenv] Loaded [33m.env[0m
[dotenv] Loaded [33m.env[0m
[dotenv] Set [36mVIBES_DATABASE_PASSWORD[0m, [36mDATABASE_URL[0m, [36mSENDGRID_FROM_EMAIL[0m, [36mSENDGRID_API_KEY[0m, [36mTWILIO_ACCOUNT_SID[0m, [36mTWILIO_AUTH_TOKEN[0m, [36mTWILIO_PHONE_NUMBER[0m, [36mTWILIO_MESSAGING_SERVICE_SID[0m, [36mSTRIPE_SECRET_KEY[0m, [36mSTRIPE_WEBHOOK_SECRET[0m, [36mGOOGLE_APPLICATION_CREDENTIALS[0m, [36mSECRET_KEY_BASE[0m, [36mRAILS_LOG_TO_STDOUT[0m, [36mRAILS_SERVE_STATIC_FILES[0m, [36mRAILS_MAX_THREADS[0m, [36mWEB_CONCURRENCY[0m, [36mPORT[0m
[dotenv] Loaded [33m.env[0m
[dotenv] Loaded [33m.env[0m
  [1m[36mMoment Load (61.0ms)[0m  [1m[34mSELECT "moments".* FROM "moments" ORDER BY created_at DESC LIMIT 1 /*application='Vibes'*/[0m
  [1m[36mMoment Load (0.9ms)[0m  [1m[34mSELECT "moments".* FROM "moments" ORDER BY created_at DESC LIMIT 1 /*application='Vibes'*/[0m
  [1m[36mVenue Load (1.0ms)[0m  [1m[34mSELECT "venues".* FROM "venues" WHERE "venues"."id" = '6b12c191-ae6b-4f29-a53f-dd8ef69118fb' LIMIT 1 /*application='Vibes'*/[0m
[dotenv] Set [36mVIBES_DATABASE_PASSWORD[0m, [36mDATABASE_URL[0m, [36mSENDGRID_FROM_EMAIL[0m, [36mSENDGRID_API_KEY[0m, [36mTWILIO_ACCOUNT_SID[0m, [36mTWILIO_AUTH_TOKEN[0m, [36mTWILIO_PHONE_NUMBER[0m, [36mTWILIO_MESSAGING_SERVICE_SID[0m, [36mSTRIPE_SECRET_KEY[0m, [36mSTRIPE_WEBHOOK_SECRET[0m, [36mGOOGLE_APPLICATION_CREDENTIALS[0m, [36mRAILS_ENV[0m, [36mSECRET_KEY_BASE[0m, [36mRAILS_LOG_TO_STDOUT[0m, [36mRAILS_SERVE_STATIC_FILES[0m, [36mRAILS_MAX_THREADS[0m, [36mWEB_CONCURRENCY[0m, [36mPORT[0m
[dotenv] Loaded [33m.env[0m
[dotenv] Set [36mVIBES_DATABASE_PASSWORD[0m, [36mDATABASE_URL[0m, [36mSENDGRID_FROM_EMAIL[0m, [36mSENDGRID_API_KEY[0m, [36mTWILIO_ACCOUNT_SID[0m, [36mTWILIO_AUTH_TOKEN[0m, [36mTWILIO_PHONE_NUMBER[0m, [36mTWILIO_MESSAGING_SERVICE_SID[0m, [36mSTRIPE_SECRET_KEY[0m, [36mSTRIPE_WEBHOOK_SECRET[0m, [36mGOOGLE_APPLICATION_CREDENTIALS[0m, [36mRAILS_ENV[0m, [36mSECRET_KEY_BASE[0m, [36mRAILS_LOG_TO_STDOUT[0m, [36mRAILS_SERVE_STATIC_FILES[0m, [36mRAILS_MAX_THREADS[0m, [36mWEB_CONCURRENCY[0m, [36mPORT[0m
[dotenv] Loaded [33m.env[0m
[dotenv] Loaded [33m.env[0m
  [1m[35mSQL (0.2ms)[0m  [1m[35mSET search_path TO public /*application='Vibes'*/[0m
  [1m[35m (177.8ms)[0m  [1m[35mCREATE DATABASE "ontheway_production" ENCODING = 'unicode' /*application='Vibes'*/[0m
  [1m[35m (3.7ms)[0m  [1m[34mSELECT pg_try_advisory_lock(8202035705506761720) /*application='Vibes'*/[0m
  [1m[36mActiveRecord::SchemaMigration Load (22.7ms)[0m  [1m[34mSELECT "schema_migrations"."version" FROM "schema_migrations" ORDER BY "schema_migrations"."version" ASC /*application='Vibes'*/[0m
  [1m[36mActiveRecord::InternalMetadata Load (4.1ms)[0m  [1m[34mSELECT * FROM "ar_internal_metadata" WHERE "ar_internal_metadata"."key" = 'environment' ORDER BY "ar_internal_metadata"."key" ASC LIMIT 1 /*application='Vibes'*/[0m
Migrating to CreateEventTaggings (20260413120000)
  [1m[36mTRANSACTION (0.1ms)[0m  [1m[35mBEGIN /*application='Vibes'*/[0m
  [1m[35m (30.2ms)[0m  [1m[35mCREATE TABLE "event_taggings" ("id" uuid DEFAULT gen_random_uuid() NOT NULL PRIMARY KEY, "event_id" uuid NOT NULL, "event_tag_id" uuid NOT NULL, "created_at" timestamp(6) NOT NULL, "updated_at" timestamp(6) NOT NULL) /*application='Vibes'*/[0m
  [1m[35m (1.9ms)[0m  [1m[35mCREATE INDEX "index_event_taggings_on_event_id" ON "event_taggings" ("event_id") /*application='Vibes'*/[0m
  [1m[35m (0.6ms)[0m  [1m[35mCREATE INDEX "index_event_taggings_on_event_tag_id" ON "event_taggings" ("event_tag_id") /*application='Vibes'*/[0m
  [1m[35m (0.8ms)[0m  [1m[35mCREATE UNIQUE INDEX "index_event_taggings_on_event_id_and_event_tag_id" ON "event_taggings" ("event_id", "event_tag_id") /*application='Vibes'*/[0m
  [1m[35m (20.4ms)[0m  [1m[35mALTER TABLE "event_taggings" ADD CONSTRAINT "fk_rails_178daedd2b"
FOREIGN KEY ("event_id")
  REFERENCES "events" ("id")
 ON DELETE CASCADE /*application='Vibes'*/[0m
  [1m[35m (3.9ms)[0m  [1m[35mALTER TABLE "event_taggings" ADD CONSTRAINT "fk_rails_7d7c749ef6"
FOREIGN KEY ("event_tag_id")
  REFERENCES "event_tags" ("id")
 ON DELETE CASCADE /*application='Vibes'*/[0m
  [1m[36mActiveRecord::SchemaMigration Create (0.6ms)[0m  [1m[32mINSERT INTO "schema_migrations" ("version") VALUES ('20260413120000') RETURNING "version" /*application='Vibes'*/[0m
  [1m[36mTRANSACTION (4.3ms)[0m  [1m[35mCOMMIT /*application='Vibes'*/[0m
Migrating to AddAssignedPrToBookings (20260414130000)
  [1m[36mTRANSACTION (0.1ms)[0m  [1m[35mBEGIN /*application='Vibes'*/[0m
  [1m[35m (3.0ms)[0m  [1m[35mALTER TABLE "bookings" ADD "assigned_pr_user_id" uuid /*application='Vibes'*/[0m
  [1m[35m (0.3ms)[0m  [1m[35mALTER TABLE "bookings" ADD "assigned_pr_assigned_by_id" uuid /*application='Vibes'*/[0m
  [1m[35m (0.4ms)[0m  [1m[35mALTER TABLE "bookings" ADD "assigned_pr_assigned_at" timestamp(6) /*application='Vibes'*/[0m
  [1m[35m (7.5ms)[0m  [1m[35mCREATE INDEX "index_bookings_on_assigned_pr_user_id" ON "bookings" ("assigned_pr_user_id") /*application='Vibes'*/[0m
  [1m[35m (1.8ms)[0m  [1m[35mCREATE INDEX "index_bookings_on_assigned_pr_assigned_by_id" ON "bookings" ("assigned_pr_assigned_by_id") /*application='Vibes'*/[0m
  [1m[35m (11.9ms)[0m  [1m[35mALTER TABLE "bookings" ADD CONSTRAINT "fk_rails_4473239969"
FOREIGN KEY ("assigned_pr_user_id")
  REFERENCES "users" ("id")
 ON DELETE SET NULL /*application='Vibes'*/[0m
  [1m[35m (2.6ms)[0m  [1m[35mALTER TABLE "bookings" ADD CONSTRAINT "fk_rails_e5416d6c03"
FOREIGN KEY ("assigned_pr_assigned_by_id")
  REFERENCES "users" ("id")
 ON DELETE SET NULL /*application='Vibes'*/[0m
  [1m[36mActiveRecord::SchemaMigration Create (0.2ms)[0m  [1m[32mINSERT INTO "schema_migrations" ("version") VALUES ('20260414130000') RETURNING "version" /*application='Vibes'*/[0m
  [1m[36mTRANSACTION (0.5ms)[0m  [1m[35mCOMMIT /*application='Vibes'*/[0m
Migrating to AddBookingIdToChats (20260415000000)
  [1m[36mTRANSACTION (0.2ms)[0m  [1m[35mBEGIN /*application='Vibes'*/[0m
  [1m[35m (1.3ms)[0m  [1m[35mALTER TABLE "chats" ADD "booking_id" uuid /*application='Vibes'*/[0m
  [1m[35m (3.0ms)[0m  [1m[35mDROP INDEX  "index_chats_users_unique" /*application='Vibes'*/[0m
  [1m[35m (1.9ms)[0m  [1m[35mCREATE UNIQUE INDEX "index_chats_users_booking_unique" ON "chats" ("user1_id", "user2_id", "booking_id") /*application='Vibes'*/[0m
  [1m[35m (2.4ms)[0m  [1m[35mALTER TABLE "chats" ADD CONSTRAINT "fk_rails_2fd6dc4e9d"
FOREIGN KEY ("booking_id")
  REFERENCES "bookings" ("id")
 ON DELETE SET NULL /*application='Vibes'*/[0m
  [1m[36mActiveRecord::SchemaMigration Create (0.6ms)[0m  [1m[32mINSERT INTO "schema_migrations" ("version") VALUES ('20260415000000') RETURNING "version" /*application='Vibes'*/[0m
  [1m[36mTRANSACTION (8.3ms)[0m  [1m[35mCOMMIT /*application='Vibes'*/[0m
Migrating to CreateLegalDocuments (20260504120000)
  [1m[36mTRANSACTION (0.1ms)[0m  [1m[35mBEGIN /*application='Vibes'*/[0m
  [1m[35m (5.8ms)[0m  [1m[35mCREATE TABLE "legal_documents" ("id" uuid DEFAULT gen_random_uuid() NOT NULL PRIMARY KEY, "kind" character varying NOT NULL, "created_at" timestamp(6) NOT NULL, "updated_at" timestamp(6) NOT NULL) /*application='Vibes'*/[0m
  [1m[35m (0.9ms)[0m  [1m[35mCREATE UNIQUE INDEX "index_legal_documents_on_kind" ON "legal_documents" ("kind") /*application='Vibes'*/[0m
  [1m[36mActiveRecord::SchemaMigration Create (0.2ms)[0m  [1m[32mINSERT INTO "schema_migrations" ("version") VALUES ('20260504120000') RETURNING "version" /*application='Vibes'*/[0m
  [1m[36mTRANSACTION (0.3ms)[0m  [1m[35mCOMMIT /*application='Vibes'*/[0m
Migrating to CreateProperties (20260508000000)
  [1m[36mTRANSACTION (0.1ms)[0m  [1m[35mBEGIN /*application='Vibes'*/[0m
  [1m[35m (7.4ms)[0m  [1m[35mCREATE TABLE "properties" ("id" uuid DEFAULT gen_random_uuid() NOT NULL PRIMARY KEY, "owner_id" uuid NOT NULL, "title" character varying NOT NULL, "description" text, "property_type" character varying, "bedrooms" integer, "bathrooms" integer, "area_sqft" decimal(12,2), "address1" character varying, "address2" character varying, "city" character varying, "region" character varying, "postal_code" character varying, "country" character varying, "latitude" decimal(10,7), "longitude" decimal(10,7), "price" decimal(12,2), "currency" character varying DEFAULT 'USD' NOT NULL, "approval_status" character varying DEFAULT 'draft' NOT NULL, "submitted_at" timestamp(6), "approved_by_id" uuid, "approved_at" timestamp(6), "rejected_by_id" uuid, "rejected_at" timestamp(6), "rejection_reason" text, "created_at" timestamp(6) NOT NULL, "updated_at" timestamp(6) NOT NULL) /*application='Vibes'*/[0m
  [1m[35m (1.6ms)[0m  [1m[35mCREATE INDEX "index_properties_on_owner_id" ON "properties" ("owner_id") /*application='Vibes'*/[0m
  [1m[35m (1.1ms)[0m  [1m[35mCREATE INDEX "index_properties_on_approval_status" ON "properties" ("approval_status") /*application='Vibes'*/[0m
  [1m[35m (0.8ms)[0m  [1m[35mCREATE INDEX "index_properties_on_latitude_and_longitude" ON "properties" ("latitude", "longitude") /*application='Vibes'*/[0m
  [1m[35m (1.6ms)[0m  [1m[35mALTER TABLE "properties" ADD CONSTRAINT "fk_rails_45d6dffcf8"
FOREIGN KEY ("owner_id")
  REFERENCES "users" ("id")
 /*application='Vibes'*/[0m
  [1m[35m (0.7ms)[0m  [1m[35mALTER TABLE "properties" ADD CONSTRAINT "fk_rails_442d3c1cc5"
FOREIGN KEY ("approved_by_id")
  REFERENCES "users" ("id")
 ON DELETE SET NULL /*application='Vibes'*/[0m
  [1m[35m (1.7ms)[0m  [1m[35mALTER TABLE "properties" ADD CONSTRAINT "fk_rails_110b11e92a"
FOREIGN KEY ("rejected_by_id")
  REFERENCES "users" ("id")
 ON DELETE SET NULL /*application='Vibes'*/[0m
  [1m[35m (0.6ms)[0m  [1m[35mALTER TABLE "properties" ADD CONSTRAINT check_properties_approval_status CHECK (approval_status IN ('draft','pending_review','approved','rejected','archived')) /*application='Vibes'*/[0m
  [1m[35m (1.3ms)[0m  [1m[35mALTER TABLE "properties" ADD CONSTRAINT check_properties_latitude CHECK (latitude IS NULL OR (latitude >= -90 AND latitude <= 90)) /*application='Vibes'*/[0m
  [1m[35m (0.5ms)[0m  [1m[35mALTER TABLE "properties" ADD CONSTRAINT check_properties_longitude CHECK (longitude IS NULL OR (longitude >= -180 AND longitude <= 180)) /*application='Vibes'*/[0m
  [1m[35m (0.7ms)[0m  [1m[35mALTER TABLE "properties" ADD CONSTRAINT check_properties_price_non_negative CHECK (price IS NULL OR price >= 0) /*application='Vibes'*/[0m
  [1m[36mActiveRecord::SchemaMigration Create (0.2ms)[0m  [1m[32mINSERT INTO "schema_migrations" ("version") VALUES ('20260508000000') RETURNING "version" /*application='Vibes'*/[0m
  [1m[36mTRANSACTION (0.3ms)[0m  [1m[35mCOMMIT /*application='Vibes'*/[0m
Migrating to UpdateUserRolesForRealEstate (20260508000001)
  [1m[36mTRANSACTION (0.2ms)[0m  [1m[35mBEGIN /*application='Vibes'*/[0m
  [1m[35m (2.0ms)[0m  [1m[33mUPDATE users
SET role = 'user'
WHERE role IN ('consumer', 'artist', 'brand');
 /*application='Vibes'*/[0m
  [1m[35m (0.3ms)[0m  [1m[33mUPDATE users
SET role = 'owner'
WHERE role IN ('venue_manager');
 /*application='Vibes'*/[0m
  [1m[35m (0.6ms)[0m  [1m[35mALTER TABLE users DROP CONSTRAINT IF EXISTS check_role /*application='Vibes'*/[0m
  [1m[35m (0.6ms)[0m  [1m[35mALTER TABLE users
ADD CONSTRAINT check_role
CHECK (role IN ('user', 'owner', 'support', 'admin'))
 /*application='Vibes'*/[0m
  [1m[36mActiveRecord::SchemaMigration Create (0.2ms)[0m  [1m[32mINSERT INTO "schema_migrations" ("version") VALUES ('20260508000001') RETURNING "version" /*application='Vibes'*/[0m
  [1m[36mTRANSACTION (0.4ms)[0m  [1m[35mCOMMIT /*application='Vibes'*/[0m
  [1m[35m (0.6ms)[0m  [1m[34mSELECT pg_advisory_unlock(8202035705506761720) /*application='Vibes'*/[0m
  [1m[36mActiveRecord::SchemaMigration Load (1.1ms)[0m  [1m[34mSELECT "schema_migrations"."version" FROM "schema_migrations" ORDER BY "schema_migrations"."version" ASC /*application='Vibes'*/[0m
  [1m[35m (0.2ms)[0m  [1m[34mSELECT pg_try_advisory_lock(8202035705506761720) /*application='Vibes'*/[0m
  [1m[36mActiveRecord::SchemaMigration Load (7.7ms)[0m  [1m[34mSELECT "schema_migrations"."version" FROM "schema_migrations" ORDER BY "schema_migrations"."version" ASC /*application='Vibes'*/[0m
  [1m[36mActiveRecord::InternalMetadata Load (3.2ms)[0m  [1m[34mSELECT * FROM "ar_internal_metadata" WHERE "ar_internal_metadata"."key" = 'environment' ORDER BY "ar_internal_metadata"."key" ASC LIMIT 1 /*application='Vibes'*/[0m
Migrating to RemoveVibesEventSocialDomainTables (20260508000010)
  [1m[36mTRANSACTION (0.1ms)[0m  [1m[35mBEGIN /*application='Vibes'*/[0m
  [1m[35m (7.8ms)[0m  [1m[35mDROP TABLE IF EXISTS "event_taggings" CASCADE /*application='Vibes'*/[0m
  [1m[35m (3.7ms)[0m  [1m[35mDROP TABLE IF EXISTS "event_tags" CASCADE /*application='Vibes'*/[0m
  [1m[35m (5.0ms)[0m  [1m[35mDROP TABLE IF EXISTS "event_ticket_types" CASCADE /*application='Vibes'*/[0m
  [1m[35m (6.5ms)[0m  [1m[35mDROP TABLE IF EXISTS "ticket_entitlements" CASCADE /*application='Vibes'*/[0m
  [1m[35m (1.7ms)[0m  [1m[35mDROP TABLE IF EXISTS "booking_ticket_lines" CASCADE /*application='Vibes'*/[0m
  [1m[35m (6.1ms)[0m  [1m[35mDROP TABLE IF EXISTS "event_custom_categories" CASCADE /*application='Vibes'*/[0m
  [1m[35m (3.3ms)[0m  [1m[35mDROP TABLE IF EXISTS "event_categories" CASCADE /*application='Vibes'*/[0m
  [1m[35m (3.6ms)[0m  [1m[35mDROP TABLE IF EXISTS "event_interests" CASCADE /*application='Vibes'*/[0m
  [1m[35m (2.8ms)[0m  [1m[35mDROP TABLE IF EXISTS "event_artists" CASCADE /*application='Vibes'*/[0m
  [1m[35m (7.2ms)[0m  [1m[35mDROP TABLE IF EXISTS "event_boosts" CASCADE /*application='Vibes'*/[0m
  [1m[35m (2.8ms)[0m  [1m[35mDROP TABLE IF EXISTS "event_menus" CASCADE /*application='Vibes'*/[0m
  [1m[35m (4.3ms)[0m  [1m[35mDROP TABLE IF EXISTS "menu_items" CASCADE /*application='Vibes'*/[0m
  [1m[35m (2.4ms)[0m  [1m[35mDROP TABLE IF EXISTS "menu_categories" CASCADE /*application='Vibes'*/[0m
  [1m[35m (2.7ms)[0m  [1m[35mDROP TABLE IF EXISTS "event_posts" CASCADE /*application='Vibes'*/[0m
  [1m[35m (3.3ms)[0m  [1m[35mDROP TABLE IF EXISTS "event_reports" CASCADE /*application='Vibes'*/[0m
  [1m[35m (6.0ms)[0m  [1m[35mDROP TABLE IF EXISTS "vibe_checks" CASCADE /*application='Vibes'*/[0m
  [1m[35m (5.4ms)[0m  [1m[35mDROP TABLE IF EXISTS "waiter_calls" CASCADE /*application='Vibes'*/[0m
  [1m[35m (2.8ms)[0m  [1m[35mDROP TABLE IF EXISTS "live_streams" CASCADE /*application='Vibes'*/[0m
  [1m[35m (1.5ms)[0m  [1m[35mDROP TABLE IF EXISTS "stream_views" CASCADE /*application='Vibes'*/[0m
  [1m[35m (3.0ms)[0m  [1m[35mDROP TABLE IF EXISTS "promo_codes" CASCADE /*application='Vibes'*/[0m
  [1m[35m (1.3ms)[0m  [1m[35mDROP TABLE IF EXISTS "food_bar_order_items" CASCADE /*application='Vibes'*/[0m
  [1m[35m (2.7ms)[0m  [1m[35mDROP TABLE IF EXISTS "bill_splits" CASCADE /*application='Vibes'*/[0m
  [1m[35m (5.2ms)[0m  [1m[35mDROP TABLE IF EXISTS "food_bar_orders" CASCADE /*application='Vibes'*/[0m
  [1m[35m (7.7ms)[0m  [1m[35mDROP TABLE IF EXISTS "bookings" CASCADE /*application='Vibes'*/[0m
  [1m[35m (6.1ms)[0m  [1m[35mDROP TABLE IF EXISTS "events" CASCADE /*application='Vibes'*/[0m
  [1m[35m (2.4ms)[0m  [1m[35mDROP TABLE IF EXISTS "venue_menu_items" CASCADE /*application='Vibes'*/[0m
  [1m[35m (1.4ms)[0m  [1m[35mDROP TABLE IF EXISTS "venue_menu_categories" CASCADE /*application='Vibes'*/[0m
  [1m[35m (1.1ms)[0m  [1m[35mDROP TABLE IF EXISTS "venue_menus" CASCADE /*application='Vibes'*/[0m
  [1m[35m (1.2ms)[0m  [1m[35mDROP TABLE IF EXISTS "venue_categories" CASCADE /*application='Vibes'*/[0m
  [1m[35m (1.6ms)[0m  [1m[35mDROP TABLE IF EXISTS "venue_follows" CASCADE /*application='Vibes'*/[0m
  [1m[35m (1.7ms)[0m  [1m[35mDROP TABLE IF EXISTS "venue_interests" CASCADE /*application='Vibes'*/[0m
  [1m[35m (2.4ms)[0m  [1m[35mDROP TABLE IF EXISTS "venue_pr_partnerships" CASCADE /*application='Vibes'*/[0m
  [1m[35m (2.7ms)[0m  [1m[35mDROP TABLE IF EXISTS "venue_staff" CASCADE /*application='Vibes'*/[0m
  [1m[35m (2.1ms)[0m  [1m[35mDROP TABLE IF EXISTS "venue_blocklists" CASCADE /*application='Vibes'*/[0m
  [1m[35m (1.8ms)[0m  [1m[35mDROP TABLE IF EXISTS "seats" CASCADE /*application='Vibes'*/[0m
  [1m[35m (2.0ms)[0m  [1m[35mDROP TABLE IF EXISTS "tables" CASCADE /*application='Vibes'*/[0m
  [1m[35m (1.6ms)[0m  [1m[35mDROP TABLE IF EXISTS "floor_plan_elements" CASCADE /*application='Vibes'*/[0m
  [1m[35m (1.4ms)[0m  [1m[35mDROP TABLE IF EXISTS "floor_plan_zones" CASCADE /*application='Vibes'*/[0m
  [1m[35m (2.0ms)[0m  [1m[35mDROP TABLE IF EXISTS "floor_plans" CASCADE /*application='Vibes'*/[0m
  [1m[35m (2.1ms)[0m  [1m[35mDROP TABLE IF EXISTS "venues" CASCADE /*application='Vibes'*/[0m
  [1m[35m (1.9ms)[0m  [1m[35mDROP TABLE IF EXISTS "moments" CASCADE /*application='Vibes'*/[0m
  [1m[35m (1.5ms)[0m  [1m[35mDROP TABLE IF EXISTS "follow_requests" CASCADE /*application='Vibes'*/[0m
  [1m[35m (1.3ms)[0m  [1m[35mDROP TABLE IF EXISTS "follows" CASCADE /*application='Vibes'*/[0m
  [1m[35m (1.9ms)[0m  [1m[35mDROP TABLE IF EXISTS "likes" CASCADE /*application='Vibes'*/[0m
  [1m[35m (1.7ms)[0m  [1m[35mDROP TABLE IF EXISTS "ratings" CASCADE /*application='Vibes'*/[0m
  [1m[35m (2.6ms)[0m  [1m[35mDROP TABLE IF EXISTS "chat_messages" CASCADE /*application='Vibes'*/[0m
  [1m[35m (2.5ms)[0m  [1m[35mDROP TABLE IF EXISTS "chats" CASCADE /*application='Vibes'*/[0m
  [1m[35m (2.8ms)[0m  [1m[35mDROP TABLE IF EXISTS "group_chat_messages" CASCADE /*application='Vibes'*/[0m
  [1m[35m (2.2ms)[0m  [1m[35mDROP TABLE IF EXISTS "group_chat_memberships" CASCADE /*application='Vibes'*/[0m
  [1m[35m (1.7ms)[0m  [1m[35mDROP TABLE IF EXISTS "group_chats" CASCADE /*application='Vibes'*/[0m
  [1m[36mActiveRecord::SchemaMigration Create (0.3ms)[0m  [1m[32mINSERT INTO "schema_migrations" ("version") VALUES ('20260508000010') RETURNING "version" /*application='Vibes'*/[0m
  [1m[36mTRANSACTION (51.6ms)[0m  [1m[35mCOMMIT /*application='Vibes'*/[0m
  [1m[35m (0.3ms)[0m  [1m[34mSELECT pg_advisory_unlock(8202035705506761720) /*application='Vibes'*/[0m
  [1m[36mActiveRecord::SchemaMigration Load (0.5ms)[0m  [1m[34mSELECT "schema_migrations"."version" FROM "schema_migrations" ORDER BY "schema_migrations"."version" ASC /*application='Vibes'*/[0m
